	name
2	0vSWgAlfpye0WCGeNmuNhy
3	0VSXnJqQkwuH2ei1nOQ1nu
8	37gqBnUAZe8BY8WR56kDNk
9	2ggqfj97qyiORmXoVFzP5j
10	7EL7ifncK2PWFYThJjzR25
16	28xkYPSP0P5xu5vT6MQfCy
19	4irYeuAi87yyGHcI4h9s0x
36	02803el8p3mKqcJzJ3Agpp
39	2bmjoUqk5ELqted5imBtMd
40	4Uk53I7Lz6bzctGoyNxf8W
41	7FoW7q7uZGOHlGi9w5mUxN
46	2Iwf4sAnEgkuxxnJ61du8z
47	04MKRNwoX7TqQkA0ZrtMbC
55	3uvKXKQxcmjPT7letWh3Pf
59	5mPUo1HP5K4H6hepYHqbZx
60	2x7mBK5ozd9hwneRKMVpkD
62	5XAPpyIoYF3QXP34Hv8Pvx
64	3NSgQjYihV40pOmn8AQevz
65	3SCVHoGHV7GL0hmqcOIpqh
68	6yK9kwo8cBoVRNOylq0yNc
72	0kCfKToIFZFQQAaSQHcjRL
78	3mRBSk7h2Vr0D0yott8VhC
88	4Ao4XHlqBTKsCil8R6e8fD
92	0kHEr6iF9m7mrkTjv9pbZ6
98	1PeIKwD4ifLR2jYWCsUgnX
100	3lTAwJ7GAsm6mFkRejOXIm
114	37fcOImXwKOFOUwKYud0W0
119	0zltCbKuXQlZi0DHEli83W
122	7EuMuKPHTUKw97m0KJHbtx
123	69m28mCqbgVcDI8GEkUzWw
124	0yOvaZL3DVgvYjzYKfilSF
127	3YmPKPB5B6bfCZYgF0wmiq
129	1ojp0kfnXyRvr5cemuU0qD
133	5X5Kd4ULRLE5Rd7p8tmahp
135	21cGO6AxAJJDTV7Po9ywZa
137	7ksRhRXztNfSwm8W7uFq1f
138	6IkCht32pbDskKd8NWzWBF
140	5Uj6Zy5QoGdEZob7xRUakV
141	6oBL8TdQHEO7jeEdqECg37
142	3RAMLlYnwk3CObaU4V4RBx
146	6eL1ncVDtQHgSm3E288TS7
148	6jSvKhj9D9tXTgiyOHhYn8
154	177BasCdDuPYuv0E0Ujbqs
155	0AANzyXvGrG0buJ8bksZyt
167	3PcrNUFsSYnkJJNE6roBKl
178	4rLltALU0JVawcOAA88bnQ
182	3IIArPxV2jUXk2zTKbzCVx
187	2wf9bp4MkChojtljddWpbO
188	5GxLshYIBBgkrW4a9aUVn0
190	1mWYAMktr6Ggh9paVLyc69
199	6r7ULK6c5CLVvImjTIztl1
200	6mAz8D1TmlTuef90dbNIiZ
204	4uVrs1SNb31FknIkIOTF9t
212	5bjvEzg9fG68IRMSrkVSot
293	737gwrDNwTCAwAjy02FSMO
294	1sMalYr4ASm3kOr3K9JEh6
322	2LymrmdPzZttyG6fNQCuym
327	6iboZLkJ5dIoX5tj4M7O3Z
343	1DZJ2pdhbUDTUVG2IcAXNB
345	6wb1K3y7rRyQdoJlkrMgik
363	6Wc80QxWiKOi91SF6ogEtV
366	2pFfYynGprF9m0ZmHaDHY4
369	0S0vWvyZ6Rc79TXkWxT9QA
381	2pLWTCH8cKNi9bLpzbCMxe
388	5FkOlv0W1nBqs3mgbksZa4
389	6s6uxv7CciojH76NZ0604z
411	1x63HWJxacGCvIPEEd52yK
427	1CvKkkWoqih9hDPkyI9dLd
428	5dIfqbpVpaZCWRYd4LuMuw
446	5FC02TqooA6IpVfGApgfl2
458	0WIi0VGvdXOAXGXtyTnH5Q
479	41i4IJmrLoenQAfIT7Bng1
486	4ObbvnZR962uc0km6cSs36
491	12rznBmp8xHknCAggl07Pn
512	6BSY2h1WsiChRBUMVSFEHr
520	12PPtN6iHLnPVKuVzxfWSM
538	0IkLMN8d1HQcpbvskhz6f3
543	6qdkZt2XcHu0qaO3KqbEh6
553	22gKxX5eloBO6mPV9Bm77D
561	18khWfihjYxrwGv6JwiO9x
568	1UCuEDGXijy1FFjXuzqwh2
571	0aWx0mmy2lkSj93msin4Pl
583	3BSfWiSMIVixs5nhXWJkDs
584	0FMHrZWtVq2Xhr1iWktu8L
586	0LyBn2y1W7Bp9QypXXibju
591	1qkwR7k0OSjRJ7Nqk5e7Mi
596	4UYQHTgOlSdaQWfUTAjpop
600	6vPrkAg0nmoLBakH5WxBlD
602	4F8UlPvgPOIRplL4Xqm23q
606	0Qj2Mf1p69Brx9GVFNRnIT
622	6dZEAktWiUtZ47MaNdBk1K
627	16lqYosee0qHBByTSrIaMi
629	6OkOtIWntqERMEJrCCpN9d
633	2bkKnaLTMCghmjlcPBoYWd
645	6CLJfHPNbZVZgUReSHY4VH
653	1YMDkf4p153rsj5GVv8fUV
658	7FTZkhS4cJKA6gEZsVtFJe
692	7mZUlWXQg0nhIjtlwxS8zY
694	2QScAtzKKnGzV57PXQItQA
700	73pxzIThh3yz0mpDyHrMiQ
712	0Rfl8EzU24zzfdFhZtBYrb
715	5t2bXNmpMlU4pzVBB1H209
729	6zmOajFryeNTB86l8pY7io
735	35E5QxBH5fkMESYtFWNuTI
747	0JUP3xIQV5w2WfHn7Wyc0J
757	2OwkImdhcGcoUFvzeievYf
769	1uu9DbbAl8EtFtgax5lYkg
776	0g77TaBkdlUDO5QvqONPsx
781	6SvoXjxa0JMiiGtpOuOMw9
782	4kxPbtBntu5W2Bn8oedHXW
783	4BaQMOAvH2RNszd5G7Hz3W
785	7aIfttSlLq3PMQDJqZ3KfN
788	35PeCuLmcnC8o2wG1yUXh8
797	0KphQ9U5ss7war2Aajt0zL
836	1cXDBFLjy8Ww737ird7WO9
847	44d4drNqTOl8CuH4Mfh0F7
849	7nTPlTJsViE2s4gCHz0TaE
852	2u7dQYuhpAygNWaSF5Rz8Y
853	39sqc0YIfiRh3NI9MS06x3
860	72x9Lcah4SMfE5TRf7gira
866	7Ekuj4IetcyH8Y4xueKap8
869	0Okhidaj0Kyyh47jOHiBaL
873	7GS3nv5rpmDXDJ2h8GdAsr
878	7aWyiq6UX1NKC1aOGkUEun
890	1WLlxCGmYkAIDN5wpyJ4kE
896	7syJGmmzGDAYJVJ9mDHOT9
898	1HeWZcwReSo95cqhf8Qxwk
901	3loPlStRPkvr7lhXoQIKXq
906	6B7jGL1RmprYOFvss1fqOr
909	22RmlGGsTXB22MSvWrLqP9
924	7qXTiqWGqC29WGdnYeR1ZL
936	6VGGUt2yqHqrEnEeKrIkJM
954	5Q7mb1K0OF3RkJGy2Zs5fN
958	3rtHPoJedR3kirAW6RfUvo
976	1UlYY7R3ck74PnY5w7rQ5F
986	6GzPrIUIyvzccRVMVBK2Aa
1009	1tdBpWQah3oigDlP6pymWE
1014	0Nomv0wkoUbvhiBeUWeNuk
1023	76fHckyYc9YOoqnjAW09cB
1026	6rfUa9O2DtxaIfnzQzbTOD
1028	7k9OlLKV0pPeKQCEYfSCqv
1047	6brvlhkOJXJtJHdO9o1oPm
1055	7eOfzMzmfzmEw84bWzRU8m
1062	3DyuyljBxetKQgRth756QB
1075	2Z4luUc9BQHrEwSSJ1eg0q
1088	2tKdXeUtDmfF3zK4RIUu4R
1091	0XOb1jnbI7LiUS4Jd2zdRm
1103	41GkP0CoqbNz5T3IA5LUiX
1109	0wcWvS93BccuPs82d4Cf8b
1110	3LybI9SuXKP6idiFYOsdzE
1113	0omk9UjtDVSJs9AdHnMRlJ
1115	5lwLNf4b19amrc3OnsQiuJ
1119	5cSg8SdClubjZ32WrKwzAW
1121	7uHRKSQ9WIlBBuBY7BHcbq
1135	5v4OzV1vShjVohPcltV4JB
1143	4dPnlgwhbgnomXBlBoiJda
1149	5Q1ZLGCZ4WksRCgt6ayBWi
1156	7Ivr59Q3WzlTGFuuUoY2eX
1169	0SwWHTdFkP5ODZDOutAWnx
1171	58fYyQwZN7uuqmj7y1Pwu1
1173	4hHsfsjMMJD8Dii3203fCl
1181	1sfH0zJHTSp7a7IQW8gfD9
1184	6akBF8JWM8lrpqejdwIfYI
1198	0VT5MOJXotvejoWkkuBN30
1205	7bawB3ehz7vRtu2nQ0Zf2J
1213	658I1uDnmLSiltFCf98AWE
1214	7wiFqOWEOHPdYojpDcnNuA
1221	14wsN6q6pRSfwo0VZlKySo
1229	2Q7rZa4HGqSV1yZpzz18bt
1230	1EnGxIhK8zM6HIeNf1OTQc
1234	4GRFOH8RYHh7X3b9sCUlYs
1235	7zG4n91JJZ9FYBRPHmcyHJ
1241	01Y67EBxOczg5Rz0KCbUVF
1243	2FrdvIJSXNIEzX7LUG7ML1
1244	06jPwB4zWPB8hMfNIQ4yFv
1249	1ySsuOqhma2UPn8ysv8OTc
1253	4MALhH8rSUuySKUPicsp40
1258	7rHDD5iLMXoPaBDPYTtynb
1259	0AHDxOwyURQkaZd6McXAX6
1264	2zQSBgYf5G6qjiUUELADsD
1271	0wfdzlswBJeFd4L0jSrysc
1274	0W2uSNUIOybYJCJqNtDP1N
1276	04N9wu43qe20vD8PZOc0r1
1278	3HgdzRMY4i9T1JFT0A2Wf7
1279	11DbBsTyixXRo8yZ7WU7rt
1280	1RSxDPuW6c6DhvGXz4bvsE
1287	0QXVWgeNqhSw4kZtZS8cSN
1291	78Yl3uKfb32JlTj2TtUQf4
1298	5VgnHHw2IChHCEo9CBJQWH
1299	5sqYbITLDDODlliFFgkITW
1311	56L8vkkw9V4LsesNzparub
1316	7sQhhSlMui3JOZ4s2j4IjM
1318	3VAeoKLnJdFBlc9hBtDYn9
1330	5PcA8FaM5vlZBPIe58C9Q3
1345	5YaBgvHKQmrlUrJ5tBfyd1
1346	5BY5fKganceXe196jEJZWb
1354	2H3wWrnO758y0fPH7Ilerg
1357	2gkyVGIhSATA3oY5XqFajh
1361	07BCzMdqX3u9HluaSQRcL2
1370	0Sd0kdgU6HrIclxYjuV99j
1371	6OaHvJY8B6hZf5onw9DkNy
1376	5DNr18eJapgOnVArstUpOD
1381	3AcafC5OfWa0kEEUbIKHnI
1396	5KnorNeZ8tSEJgXTkrH4zS
1401	3A0AJOUnY9PbuDCZBuNC7s
1416	0JkLImaybz8gfwyyPpslVW
1425	6FxKi0jjol5jGHwB6gKsIf
1437	43b7hf6pQItY8ITakZI3PN
1442	6Y4CI6as0a7QjXaPiqU4Jt
1443	2bbQGScZDUqEy786LwjDzu
1446	4U9kJBr61UhO5srPib7zyz
1447	3JPwUtpQjDKzR74KgsbxfY
1452	3oFWM46ktEX3YcUzTcLYRw
1473	23WXRgbppbqQyfeMC8Q5mE
1474	3McLVlcBNlJ6CAIcP3ZyVN
1475	2EcaKs9n4CAdPCvXBuhd8l
1476	4VsMart0lkjUtyQnmxloK6
1497	4aOOExMBUyxKnEYb39SrTg
1508	1W9jTpU1YGwP7X61Zc8hOm
1533	5CZpxQagkEC8g2xhHc7GnW
1538	53Q5EFdliJKlb0BYSP5dGn
1549	0VvjVlceUyNxzxoXSClamg
1563	4miDVIkADmVVvn36iFmBTB
1567	5rI9MIK4ZpNA0ltqqdhIva
1591	6jG1qlMJlCGijIeWzKlanN
1601	4e7Hrq7DCPoxIDk1hggehd
1606	0ZBGNqfsPVnsZrGoDUBCbU
1610	5NaT7XtdNCg2jpHoUYhztY
1620	7aayLkoDFs4CLdi6zUNph1
1626	53dGuPCn0kJLh7fBWlrXZi
1631	1giGlrDqPTJGLCn1QT15T5
1640	4JnCD65HeEbeTumgu6xEl3
1649	2fDj9U7y9i9yOlNKgiKQFr
1651	6D6l7BjmTlQCKA9WCPLsyi
1674	2cgFnyitndYEXtyb08FNcg
1679	5VAWdvSixdIJLFgfjF3Ch2
1694	4HpsRlpQ7Rj70Jo2d0yYBV
1695	1bTkntnefmZrr98MsGbQly
1696	3zlKCevxqygcL6Sr2alQ65
1701	3vAQ2axt18adSBaaGpan8z
1706	4X5AMbgW6whnAuDX10fhgq
1720	7Lrf7Serb6e53N5b7u9Nhu
1729	51mLdZMAgX72f2uCTCLRyr
1741	4v0e1hCAQ65xyJCinBN0wY
1743	7KVBqGLGhrEejVokzYd8vF
1746	5GCJrgb9GFEDNyhhuoRPSa
1749	4COcYSSXypm4Sq36tSwWKP
1756	53PUhhLoJ5VubWIfSV31vp
1758	2afTfs22EoUQkvWL7yxSpw
1765	4aTyb0MBTzJXE75aHxeGW5
1766	3ruoIF2UnoXdzK8mR61ebq
1768	3cPpBWJxHQmfFw2kwPZt6g
1794	1fzvs8jCx0yivJreQyZFzh
1811	48TYKdjkiIN6brcIilEVWB
1813	6w1k5KDajzJSqPJzMYsQhA
1830	6Jw7La8Zj9oH1IToQxXxGC
1831	3f1ChZHm6v4KdUaEW5y5qd
1833	6VWsWgliFma9IFL2NlQ1H7
1856	1g0mMXq4amoKcbqaJRdWXH
1866	1QUX45oOVvCwFAvuGyvAmH
1868	4Am4agzcSdFnKLSEB56ODY
1880	7dlUBIkbV1msnP5chrYBB9
1897	6Bxy3KpK4ygO2X9QAiOQ3W
1898	2ktxr00GpTtbMNeBjNeY8D
1913	24aEkeNkpBqQzKUd9SZcxp
1922	2NClza1Fc2RNE2xBW19yK6
1924	2BNWyvGuff93s5t848hwvW
1925	5rvKeUccotFACqweU1JQLV
1936	7jCDN5v2UatH95VrzUzZer
1943	4CwA4CdTQqNv18QSAW3Srk
1959	0ADV79ZGEcaiuUkzASGeAp
1960	2PlrYKsGndAMJ0qqVVPCoV
1962	3aWX8DMLmQCOGx6cHMPr6V
1964	17Xxp5dtS4GmdGjNZNb5Gk
1969	1qfbQdDlyXHuJ7PLI5XbYa
1972	0lB24x4SNbi8lLhUAsdoMO
1984	1ZAyjvIk9YiD76yYy0TEG6
1985	7B8wE24UTg0GCiF6o2tBaY
2023	5DNTCKpA8utYEWLIBcfkBS
2027	6Qd2OmDq4rPFQi7qCHapTx
2033	3V27vZL2VTbhZvpahI8t6n
2044	22ppDLzoxyPe28QPZnuTHG
2066	7x9UhVfr6ZLMyDCixHWjeN
2078	6gdFGKQM9xvQeTKgr89fYv
2087	1Wj9ZhqrnbLal0Iyqk6QH1
2111	5ACsRXXX3UilROAIwj9JDt
2119	1DvJUOlSzKhpVjQU15kPp1
2143	4xziwMELQnVQHbb94B51xk
2145	0VEHWGFb33FO0OREIjH1DZ
2156	6k9vfZwWDFLgjBZ7xnywRY
2173	65ENznU4hwrR04whyJboxr
2186	3BUFs1YNRBoGgYNrK9hQov
2195	672MEn8K5qTI3hbmHOSxPb
2199	7e4YUZDV1G7QWakSs0pyv8
2202	3wm6V6lFGKjNQTdvo6kEdW
2207	5NXeprz7VhJkG6RgSAqqeO
2223	3gO8Oe6hXkTDimmYfkXpp8
2224	1SxtyyjRNwOx9ic201Vr3L
2228	6lrOr4Ks7b6B03n0YmKjND
2229	6YWRFbfjjKz8k3t3odrT0E
2233	4p4paSLA24MCEHmpXzOYPB
2239	3wToo6EYyTjqsC0cyrHdkV
2242	4oFReCDYkUlxtnBfx9dbXe
2243	2wZHwvJMFhYntItsbecDHM
2246	3lTi3a8JMIwKwGH2acc2zI
2252	1D7fIgwQQXE0kzZA55Wplz
2254	594suifkodzqXMkJlkKRQd
2256	4F55jw9ZucEkKlsbMukUrh
2257	4s9Cu3e63bLxNtkNvI5yUQ
2258	6Zn4iM3JN40sbiCraKFwQQ
2266	2e8krAXtCrcFDKfaCmeA6m
2275	2O6vgS1Nwh9ZKOWFF9UipE
2282	3IVt8q9KkX2TSzcf6eErvP
2284	6zY0Soa6KG1nYZZI2xcfeD
2285	77TtEap7ay9c4Z5B9Lp3bv
2300	2mgEQhQzbftDf4XoS6UWyO
2309	5jAeM4WKpqDX9wDJGa7IFq
2321	5nYKbQcBb9cVcgQIylfOXr
2329	76Iexrrg81ClRj93zaCYaj
2338	6wTglYspTf2Ji7yugxN2WQ
2339	0yOw6nJkFK1KPZLILWHQuv
2340	3i2GE43eD2KiN0B5bWNvo2
2341	21L1P9Dfw2Xm1b7VBkT1ER
2342	0Xig8jpdhF6O2Hx3dAEqEH
2343	5GxwCuVFulzmMOACGiDwZ7
2345	2xOcgZIkAmv2ixOW5nZrhW
2359	2k5Wqy0vfugnflF8yI7Z70
2363	2lCAn2v6KnNWUyiWpmlCas
2374	72WX9JYNAjGdm8gtTydpTJ
2378	7HM0V2sTGUvy0UMEGGxZWm
2387	4XJlKNehaCUUeviadnz1Fg
2394	7klN9901D0PKqjhaxvurrE
2404	1H7KnK26kc1YyellpbINEn
2410	3qzSfoByowr6tDfd08b0T0
2416	5BpYmQjMXqjJ9psD7tMTl3
2419	09jbhyiTluzHgHeEdCEGGb
2425	5xigu0nuVYX3LYtmNnI8NH
2451	5nB9up0A9vUM5p5gttp84M
2463	4SYzyNnrQHiFeNUqzLP79D
2472	3C9jicppngZS91ZU1VvBsD
2481	7D8FObvhT4xSWUDfq6tUIa
2513	2guOksuETKspSWM0UKVQpk
2523	0IFRH1p1xyWbhHHe23pOmJ
2530	55756PtWfxcTaSrNqR4KT3
2548	3gTsUdwZ5wrfHvHfPtiMXJ
2554	3LzAx7yuUdneoUDC5UrUrJ
2569	7BompKjzVMRDRcdlxkzBly
2573	2g7LE3RlGnnDwHG8vUiJiD
2575	4VC7SrDOYgp7Khiwvu9Zr1
2580	6TMSo0TqIKaotFuWeUKxc6
2583	1FS7Rrlzikmh48cn8VMHTa
2584	7FChGHzHSRPkUIgKzczZpZ
2585	6YY6OQ0YTmKpenYc5lgjDv
2595	6sHVmg5YNOCLBJ637wrnl8
2618	4zhOK3pkgncqo02VC00KCl
2625	5aKKflTd5q7VdpZNLYzfFP
2633	3ZEyIY5i9m86hJjF14UqvV
2634	0HHdsqqY9qbgUV0EstbDqU
2645	3RQRrdjDWOU8CmWaYXs1tG
2656	19ijITXyxBcFBeX3xC2MOf
2667	5Q8O1JbTKXaIt1o6grGKGA
2672	2x2SfOy3RCfWMv4OlFjG7e
2681	6Ms8IoAtYfRWnx7ETeWUpQ
2697	4tPlI3yE3x520c622CksWU
2699	3EGYqGuU5dP7jkpjE4rVRS
2700	457nBrdekpdPKIU7xIzVYe
2702	4zqikllv2kij6vBmGRVK56
2705	0izxLAqpaObRewRI9irBj7
2711	3TIJRPyVdruQamcV0lnilr
2759	1aKV1jJVhWhm0tQz7DEfvY
2774	5r3aDA9h1QmgUWLzc7FvPA
2780	6ST1ZeWDs7tlo3ZIge9Gix
2781	6tSZrnBH0wTN8C86NUuKel
2788	2tjktXYnwafkpcd8ul0qTx
2797	7aNhN8aGdtNuFWqWNzTk6u
2804	2c5AdX5xsxVQBlwCKnbFxH
2810	0kVBYGIxVy9I7AhF6uIjke
2837	1iZX19OGI78fbvlJFJzlXE
2864	0wi2Pt4JuMymHYOxWgboft
2882	1GrwSkL4LpB4tdJUX0vMCH
2884	4v5g1A7ps9TvnUSwySOJJt
2888	0wrZhITAPgGgj4fj7ki13m
2891	6pV9rx4OVXtwfaw2unkjlW
2892	4zIaOaun1wk5a1sb9M6OdG
2904	2HmMIVPJCadqlk9GS37foL
2905	0vppdvHanxJYhGQUay4yUg
2906	53VfRR0XGi6cDgwFdxrmS9
2912	3xOjumYrCMxVej9vjSoXgG
2943	2PJLt9kon72qfcKaS9B0Dn
2951	7MTzIvVfxRtFFCWMgSoAlf
2954	3U4OoW3dH852tjH7EJnrMY
2962	7e2zY9lgadNj0KyRniAIkI
2964	3wk7htRU4vNydyyktW5GJr
2965	1fBWkR17HLgltCEog8Oxyc
2968	68MTAmSgtNgA7tBpdhyNRE
2973	137SCDHpttfPjdfFbXsPn5
2975	6hNTQpp0lKSX9UnXAzNatT
2978	1NPAjVzH75lWwEJOEEKO2x
2980	7zOPivbs4CKjH9bX216iS6
2981	017jnoUIqZ5nv7YVkJKvMA
2987	1wcF6EzlLzhjDcPLX3mP06
2989	38j1oxSZBwCK1TkNHjMpmh
2990	6bbKXZCRd4Kvqe7kuHC75B
2992	0DTyRRenTcr8PhPdQLUh5n
2996	7o5E34q2K5cpQfy2P1WEGW
2999	7bHO5sfLqKChU9FtQPlInR
3011	5oMsLGAOC59mXY5v4h0qnP
3016	55J6p22qnJ2p835TrecigO
3017	0HcsMheMXRVjwb4AUz7WbB
3021	3uzRKyZ2VotuIFCHT2nNUY
3026	62pijX7XJ3ePN8eNdh9ADv
3027	3MabBXwlCOSafrVOlIWWYY
3036	6qBFuWd5FmXbSRP9fshMit
3040	130t82RphhV5QnejI4fB3B
3050	5pNoaVETdaomnAi8hNIu8j
3051	14W2LB0qWvWGl3xKfew16G
3053	2odOhpVcTto2oEvGS74waU
3107	2N39ObBUyuEdT2dMvKRTBz
3108	4RFo6jtna8mSMlqQ5SaKfM
3109	4dnlu2YAKNqxFOQueFKZzL
3111	7pYrndE27SRJkI5Igwe72Z
3122	6wD3fc6MLOWMWa41XH7Xv9
3135	63E87aKkVPBfefEWRJ5eBr
3143	7Lwt32FIWro7SzZLgXod0f
3147	2TNAlVfOtbVu3plyFXyWFC
3158	3ykKLzRynZXnWMM88RpIDa
3183	5LQkjBp7oGcVYoIeB0tFRE
3199	6hAOkg2LsvXZIxfJecHXu0
3202	3k9ufBycFbJCCWo9XowWzL
3203	0T7ueR9uKPF2YCAsTvisaU
3224	3A5XnsfgSLp6Mm5pc2iXOf
3275	6diTE66JjoOjZsiIjhMpJb
3278	6oki4MWORpKZyZj8WILagL
3283	1DHfCDZSrzqXoVW7ajPrUc
3292	5dpGuneyQ13yosW5oFMS6w
3295	57GORlpaqvtmt7KsEup7UU
3307	19qbInWnuN7apXabNvzEKd
3326	6ewgBpBQkGtoChL6LX1eLX
3328	0PBONFKNoLFLMIYZJVjGet
3330	1cOYO5hX6ypO0LfaRHsUD2
3337	2ohEKITc5KW7poGnnopi6v
3345	4bMmNlhzZZFjc7oxZlyaSP
3352	3Rm7bytK2f6ZocqqvNZk18
3359	75gcjVLUOU7CvRlBU1jDjI
3363	3piefmJjQnZauk6rlbsDoJ
3364	2v6Yqp9BGbkw5sbHWPqSKE
3373	2Oio9nLCd1vuOZSg3lMcf4
3377	3Z8M5tsh6vVWr28W3cXtby
3378	3YyR1fXloMx1WSr84oc6u6
3380	3fkq9vpXzTxwl79VCfXrLg
3381	7jewVmUvJFEW3QR2LMXbCA
3385	1hzPAiS7RDT3wJCJoNdj4E
3387	6vhfIYY2QthR09usG5vemb
3401	1vpVH5mSVc6q9RicScd97M
3405	0Ce2dgl4ki6nSIfDWXNm4y
3417	0YkmgfY41rDqXAoAOtNXw2
3426	08vNpcfntm2cAFVKSPxOe5
3431	6I3SQh7qOwekkx5Jmw3Qm3
3441	4QtahLhapDlkH9ZDERIVb2
3444	0yX6gjd00Ch1i9RHKtJ0vM
3461	1WfYIHXi253vafo0DrDHPe
3467	30aZcFkKzmONYrseY2A1CR
3479	3LmM0ja6iUvf54fIiy5E8L
3491	7eo2jOYjeWcg4kwUkXA6iF
3496	4H05OV6gYtL4JXBrHmWa1l
3497	5o21vj5tGbkrWEMiy2zWMY
3498	2E06vbFYcrwcHlz4ORolxr
3508	60XYsAzk3iqJrpirZmUPrK
3510	0dCXItAzRGTocbS0rESeOA
3528	6Xp9bECPeqX8inDjdr5QB2
3530	48QUac2G15QFTtXEX0Yl9w
3534	72rc5PamxGNcNcFMBkZosp
3550	0N0Cn47YgwphHT8BQKhlah
3564	6ywV7Z9xjtmMsePdDpZtnS
3597	75Z4p0wcLAcJnH5ULO1v87
3600	5cFwvG8RMMvMpApMwNvfDe
3628	5ZCgGOERsp8PZaQHVwPt29
3667	2RTV1eqSP7rCk8mLk1HW6F
3669	4cviDRmHaSfHp7BZ4muVhs
3670	11jJEyehXdNEMLIU4LKDcp
3671	3mFx5pbTHl0dh78FfEXzYx
3675	7zAK0YuLjZc32mXGXwJ762
3679	2A5TNUEzbpiMbmwjVZcRqF
3682	3zT6XC6BlQRFCMOwNNm8oC
3683	7HUlN9cFHYRTBUnn6pt53t
3687	5MaupZr2X3u0wkxuBiL7Uy
3694	6Zm6AcAR9Gdc3gY4CLqDZK
3698	41xjRFhZLzoFBYWqWNmpKQ
3708	4jp2CwSew9RPF82LV0pvef
3721	10ugMmxlkh8eLcvLgovDY9
3722	0piT0it0z4CBPId7XDfbiZ
3732	40J2wSOTopVsckkl7ROAvx
3741	1IXXvsltmH5ufBOIrJ6KJh
3752	58AUVf84nqBsXWonI3ZmeG
3757	2PsIVzj8xAgg6WnOqA2Btd
3761	0IDmKIjpwFysGLgYlY4doq
3769	0SQWDFUZZvVRAcMuBDDUbv
3776	1Ga01oGu3fVKrdlxSQYvLv
3783	01LZckadFsTkhvrNCcVJfg
3797	4HJbmJq7nlx0r8DNwvI2PT
3799	6jskkOKAVuaMRgtKdDZFJ1
3805	0Mzepct6W2VADgAmMsQA7q
3817	6exb5SNbY7duqnnz3ByEOw
3818	7jK8kTSAriUWW6APDhRryv
3821	21Wxl18SCLUsttsv6y0AOJ
3833	0iCxoVGB01iGIBgyFgovyt
3839	6oF31WiaVRuvBwZjrATnP5
3868	6N216ce4RGjvq4Q7ZmdPzf
3874	3voVtw1mYoGMlkYzkYqvwZ
3875	3zh3bPbRwueYoh8pFMPMDn
3876	1n7r9O1GyOayrA5eRHL5Oo
3883	5cUdZmsHaSt7LzAY97Qjm0
3885	0ZAwIvFUpkz84xL1Tixicq
3894	6r4Nwg6bENlhXYBCRC0WuH
3895	15VGhXwMDfNTmlje029hsO
3897	2PuSKrlX3aLK3Zg8DysSIQ
3932	2RNZlT9lENELwo0T1hjQD6
3938	44k9e4yQ6cRVm4BytPA7Jt
3964	4JYRMaQJEa66ZGn47PH83y
3971	2dl0NK3NiwCN5RnDqibbjD
4002	7ltgZ2oFlT4toVppgVESKf
4012	6lWYIgLtXz77nfScwXCYtM
4024	4u0R1W5JD6QXV4h4khmS9c
4027	2CmCXnFBbseLTj46bp9khK
4028	3C3JFFZhqEqyQTyauNQs5Z
4060	72Fw18NLxe3dFIu2BcMgrX
4071	2TkA04LuoNZsbFaAxtVW7S
4088	3O9XeuSXpy814av9n6ArUE
4116	3OC2D0DFyPOGzCqXUA9eap
4126	6PQ53jwemx1BgRIefyBVD6
4132	6l1SZ6PsGswsT3wroxykRi
4169	79nYclYG2Ovqdg1MKfNcXB
4182	5yoyToAKYim7ecI7vQ1EkD
4197	3crTPm8QG4aWOFnKrCnBkW
4201	2uEYcSibc7r5FXzTu1pgNX
4231	2NzQK7fJ9HVumD8w8fQQtc
4241	2JYxbJRrstRhzpYA96ueVK
4254	2CS6nhb7r249cydhxgiVUC
4256	3D8m4bnPHtRyc6OtdsoKLL
4258	3aSsxQEzEUAWEXEEHfJmU0
4359	0OCDedhL8aG9PvJFTFjl7M
4362	6WKCe8bbNMxQ0Lmz48o2ol
4363	7nvLZvKMnmIirc6lWoMwtS
4381	3joCfQaNHoW7xrh7dImwiN
4384	0RIpVZsgki04yANWXINnKi
4414	71kwq4Fw03VPw9FvDvmrv0
4415	3DL1U6Bc9Y6VUPSiugHlTg
4419	6aCtZW43MQi411qTbEuznz
4428	79fspqGOIP7FInu1elXhVX
4433	1UWieJDhSDZVKIVLF9XgJt
4438	2AjZUopivF7YTy6d7EYl8L
4442	200NBSoWbdGVyucC1yjBE2
4444	1XIAw9Ksect1iy7Cjkjv2D
4453	01PEOPCuzG5bYVNdPWbbP1
4456	5fr0ocIee7TpDCRWaK0002
4487	1Px9sMcAPfAlxCaBTNriZc
4490	7HPOmEZv7Y1emryWP6IaLH
4502	4LcoXlIU9zZkkzLL57sZyG
4514	0SLtzHK1NSiXDnqjufVRN3
4555	18cmVQUpgGgIEkj5PqlmmS
4560	5qAWdile6xrEs9R06YQL6l
4570	1PGF3jcIhboHyvLIxyA0Xy
4578	2MKznt3SBUurI2dhGBhgKG
4582	1xWbHRmEAvMXT9nnUtRJM8
4607	3PfvRBNy3J23eLxDp5iZd4
4613	3PcrNUFsSYnkJJNE6roBKl
4643	4iO6aCCNBAN2TGTD5JYIiq
4646	7aayLkoDFs4CLdi6zUNph1
4660	3IIArPxV2jUXk2zTKbzCVx
4676	2XH2w3lHRhbZ9D5lUjVVRC
4683	18khWfihjYxrwGv6JwiO9x
4687	7eOfzMzmfzmEw84bWzRU8m
4692	5rI9MIK4ZpNA0ltqqdhIva
4693	5Q7mb1K0OF3RkJGy2Zs5fN
4694	6VwBj1x2WgEBZPxYhOm7g7
4705	2Z4luUc9BQHrEwSSJ1eg0q
4731	6oBL8TdQHEO7jeEdqECg37
4745	4OdUXxXl2umMwmDQhC8lr3
4768	16PmczUxlX7dpr6ror6pXd
4771	6GzPrIUIyvzccRVMVBK2Aa
4783	4dLXS5WZKtFJBuenrBG0q0
4789	4xziwMELQnVQHbb94B51xk
4791	6JGx4pHp4BmcvjxSHoVQ74
4799	1xFfbxmfenEpn4WawGWXiA
4815	2bkKnaLTMCghmjlcPBoYWd
4818	3P9P3Lq1IGsyhmNrnank0v
4828	1n8wr8tRHs5jmBxNWXedcn
4830	2ggqfj97qyiORmXoVFzP5j
4835	18pwD0HrweX8oCgIkayRb4
4838	6SvoXjxa0JMiiGtpOuOMw9
4841	76fHckyYc9YOoqnjAW09cB
4859	0doPjH3V2qKDUKjfpW3k92
4861	0wcWvS93BccuPs82d4Cf8b
4862	4MQIDIQjNWkUvpXe5Je7TO
4863	1obq6HjEIK1fJJvC2yZXUY
4870	5sF9WD3MnaoHQjJD2sL75D
4875	6Qd2OmDq4rPFQi7qCHapTx
4889	3EEkEiU3FCFtqHTjFMHCn2
4909	19TcIDECdjNCWOW4itYJLc
4910	47PfqyXzLIKQp37yJNITrs
4920	2UVlQOCJ5akgNzzq3P0EwF
4921	3uRa64D24YUIJ42FR3BLpU
4924	7nH4UnffKuEHlbjCnSRYRG
4941	1qkwR7k0OSjRJ7Nqk5e7Mi
4949	4LB0YwEnY4vM5Yh2mjHh0z
4957	6WaaeggMSHNbxQiAAQQ00b
4979	0Sd0kdgU6HrIclxYjuV99j
4987	7oW5YZZVeesParmVY7gx6s
4992	4k0ZX0KlMBEOlTp5vexIrT
5007	7Ivr59Q3WzlTGFuuUoY2eX
5011	20HyRkNuZ8yA3erFummr2T
5012	5gWmZ7eZULHN15xgiwHdsW
5015	6yK9kwo8cBoVRNOylq0yNc
5033	25J3WzoZf0Brg3cXEtKJMp
5037	5Q1ZLGCZ4WksRCgt6ayBWi
5043	10hxcdoKEaOz8F6VkX9vYr
5053	7wusrhYOowSKihivnPTmvu
5070	2KMPEI406H9G8UqiWDfuTK
5081	3BUFs1YNRBoGgYNrK9hQov
5084	2vFzdWc5hIgAM47dldB465
5099	0OlLxqpcMutBKFZctsRWHK
5117	6sThkc8MTp0CRAfMSYMZzH
5129	3jX2Q2MHASNmkS2miu4Gy7
5138	2tm4sWtXJPpwFOJN06CVgY
5140	0HRG5dBrGCVjcyPY0XrxjY
5150	7sO5G9EABYOXQKNPNiE9NR
5157	44d4drNqTOl8CuH4Mfh0F7
5162	08apIPoG02jFVpAagkIEFY
5168	2dPqNtgzsGdfvN9sw3Ot0f
5175	6S7JYWOfGE5Sk3L9cAlATH
5194	3ojPFYU95S04C8Si9aX1oP
5202	0shSP8DgseLewHgAiMC4UL
5208	3ZicB8Mg0kSFADrH6oavcH
5220	1ThmUihH9dF8EV08ku5AXN
5221	0VEHWGFb33FO0OREIjH1DZ
5228	2HIAaSwG4TIXiQr4alxXYk
5234	4rd0Bdyo4PIN5KYef0m9uD
5258	027WNZS3IaY2ozx9UfVUHQ
5264	1gVCEnryJhkdQcuC0Kbvor
5271	4SfkdEVtC16VvjCyDvN60N
5279	6xK3445FiGsdE9tdnRWkRD
5281	6DZ9UsN80HCp3ppmzxGGTf
5286	2pSIidzM5BAP4KkdGhqb6o
5299	225I92Od6UNxwRJx9rUiyV
5300	17cdFhpogGQESrySWCsJbp
5313	7f2HHmhlbdkW5f9Ge26qny
5315	33xkqF4gkppg311UoMGgTQ
5322	30GFznA5tEkiJoP3Kobsup
5325	4IzBudTUJlMTiGwppTvxFg
5326	7hLqgIS9zu4bSOn1OaQKEp
5344	1tWjRVT0jvnfobH58nCyCE
5345	7e4YUZDV1G7QWakSs0pyv8
5348	6dRK7lr3WCpQjfSFSA0oI1
5380	2St8HeG23Nzp4NYaWTNtuM
5387	66JGxkWVCyHLBVOYsAvph9
5395	2I387d1XWsQfWcrwXVp2i0
5402	0RPAj4IIL5vmqC44fGQWfY
5415	616gGcmSpT30DezgtMyi8S
5422	0lB24x4SNbi8lLhUAsdoMO
5423	0Kmb4HyO0zOmgKknwQaC1s
5426	5lZsh9Qf7CbHI9Fcc7Zcsq
5429	2VKf0WEOpq06JE5PTNr9wa
5437	3bR0wF2gzOymjH3TwsUWVi
5439	4AZpYzTKavIWppnHVMIZ57
5449	0fB2bhPipFZNJP9Ft0DXSk
5453	1Tfxi7N3DW4zvAuVjt9g8X
5470	2gmQQ3YRh6iVXSCcH5txkr
5471	5AujkwFB6bDb3WOleq6Lsj
5474	44ZJ4hLD5onikKsVLQaILr
5475	0DxPQC8iEYU6qpvTvR9tyF
5478	0Okhidaj0Kyyh47jOHiBaL
5484	5xAR2kje4pVMHz0ipvp2VA
5489	0MdSezTbC54SIPQkXrvHrp
5490	14PlDNjNh3pXyHXzkhX8n5
5494	1aI1qZwM2g69QfT94YP3zF
5502	6zNI8Nc7zSS8KP70evKteb
5507	4VfwbdlNkxaciLPuPC7REi
5527	4cJCs8Vwr0kwgGATkEQMzz
5534	7dDLHlyZJBqEWSndlPWyCT
5538	4DRtHF4Rt7R6F6EzqJEmLe
5541	7o36Aeu28yWmSkjgB8pRLm
5549	7EulRO07ZgchxqKUHb8Pvc
5550	6JOoFjk5IwBO1prWVjVbbV
5554	6rDaCGqcQB1urhpCrrD599
5560	5lw8Mgb4LyhriPIC86gV6e
5577	2iWEpiPiIPf5D4f2UGBlrZ
5581	5ACsRXXX3UilROAIwj9JDt
5585	0AANzyXvGrG0buJ8bksZyt
5595	4RVbK6cV0VqWdpCDcx3hiT
5604	4uQ7wYsuL0DryknoDc11Hk
5605	1uDrIgjVtFsrrWWctCxoBL
5613	5zEeiQbazUWskpZNhnh6i2
5614	4X5f3vT8MRuXF68pfjNte5
5625	5XLC8xoqyua4U7wJiZAWik
5626	10lgpgAGhQBv0WqcrzGM7D
5653	2XRHjGUc8yo1ZWb0ZrUmrp
5656	6kAyNOwKKB1h7d6Lx0E9gY
5657	3J70kd5nj96mEfwjBvu5af
5658	2pdPPxgd0QrmggrvlnWNgE
5661	0AP2SMXiOlhQnWXrVZWlzN
5669	3U3STxSn8EgiwtbgG7g6k1
5672	05KIiaaSjx4yTECrD3TfUt
5673	1lGHa2pwYzxQHFBUynhLtO
5681	7eJbnuLHzBp948ybtKDyQn
5684	3QzAOrNlsabgbMwlZt7TAY
5692	5YZRZqEkrteLmxvseHnQ2K
5695	6ZxX2vmH5WLufcOqenLjfb
5702	4MO87XkFlT0lStoqTiA4Ro
5709	6fcL88TZ5Feq7Rlj2O6sgC
5715	3VaJpVf2jc9by82sJDIKzy
5727	4FaXLZJb30p63Z49wuOB83
5729	6Rtug7pmJtXarD0fTtRlt0
5730	0zkHcrpS7XPE4qlmkoyM3g
5739	4WfjYOo0JxommRm1PyObJl
5749	2bbQGScZDUqEy786LwjDzu
5755	7pHQiDcMEoNV5zkZCoFNhC
5760	1ljWxjQjusWS5Spa2qgQMh
5766	2MySOfFfkzKx917ds6EwKK
5775	56sFdF2eRZ4SE6KWLRqxVS
5787	3oFWM46ktEX3YcUzTcLYRw
5799	4zDMybUdMSewKNxmGffD7v
5806	6J5sxraPPZ4b0CVOGAgpXj
5808	3FFcZZq3Z3EJrhUecwcMdG
5809	3muBQDekYAg7jm6hDu6R0Z
5811	1WIZiOuNO3woKfdlSK2gNn
5818	3TDGqnO8ciK2x2vteM65vX
5821	6Bxy3KpK4ygO2X9QAiOQ3W
5831	77KMttn3Lic7ZQKDlPqp8v
5844	0ahFbGieFGANoA5KnPUexC
5859	1VLtjHwRWOVJiE5Py7JxoQ
5861	484hXhCFTo8R1W2TxFJyTR
5862	6wFf7zGwLKJWzNHkZ7AtWa
5875	5kElIh62XbmpGwfR0cYaZn
5879	0Ls0bDgEPMCQqlYNG327XE
5880	5mexbTuWx9d8DPZk4sDGF4
5888	6KwMXFvpVOlQQRsY47b3ec
5916	2EEbsvGETiRXbma3hCsAQf
5935	2ENTXNOIUXfhzWvhDi4lXc
5948	3djsRUewxHEw52AKr6k1O3
5954	3PDz0wXaNmoDIZVGyXwzeV
5960	46Shq53uph1eKYxJrOl42y
5961	1JFx9R87En9oJOi4DRH1e9
5966	7hVga2hm1Lzbn2SXrMThOo
5967	5CEqIyfuiSa1MTTUh8kr7f
5983	5THQbSmeQ8iykxgK1om8Gk
5988	7vxGCUPJhe0fXfBkwVPFcP
5994	0yYhRi9Z39O6PgxcrkW7IC
6012	1F2HXIJrE2Xn81OzT2zZvW
6030	5H0NU2sHWUnWCcZyYlX46X
6053	6ORqU0bHbVCRjXm9AjyHyZ
6060	1EaKU4dMbesXXd3BrLCtYG
6069	0RXspLL7GwiGm9KIDdT0ma
6074	2xTft6GEZeTyWNpdX94rkf
6075	63BokRfXSQhEU6Qi2dSJpZ
6078	6CTohsGYOgqJddPFzyhXxm
6111	13oQIvtvNRrhNJ4L9ImcoC
6131	0OEPrrW2ThNllso8oJQ8pP
6150	7BgURjxxWH9Y3MwgU6s5s9
6176	4gwdxrHHokQzWXjrD39mFf
6179	7nTPlTJsViE2s4gCHz0TaE
6180	5rx3JmsVVq9OXPQQzoAdWs
6195	1bEVmC1R7e6QLYkLG2YRJ6
6201	4osgfFTICMkcGbbigdsa53
6204	6iF5JgF1GNUQwlnsgnMzUu
6207	5qsi0WVBmDWetUpTH0sNIL
6210	3NLq6xyPG6F6aKuTmGIBKe
6214	68Ads6zEFiuzFY6JYDabgk
6233	2Bc27Zdsj0cIlba4xMs3Wa
6234	6W0OSYoUah6GC9t7W8Cy5y
6248	72i3hOpPurqzX29iw4pXu1
6269	7JDbu2DRfpnqUpMDCCVPa4
6273	6brvlhkOJXJtJHdO9o1oPm
6279	2DJcPaiBbHgChXXV3odTBn
6299	1ZAyjvIk9YiD76yYy0TEG6
6301	7ksRhRXztNfSwm8W7uFq1f
6319	17UwOJOXHbggzJfAreIgII
6321	0XcmRDeHawnaIYRIKW1vMo
6326	19wtw9FEDtbf5z9p5KDCy9
6340	5UoyJTgMKccFYaqVArGSRz
6341	10QngEY3ml2yPt54ZyyP7z
6347	5FhaG2uuOPmPcGXO9aniCH
6352	3TTY4BamRCn2TdRcWzpqbr
6353	3qQ6WFhcAx6LOH1UHz1c0U
6395	7Ekuj4IetcyH8Y4xueKap8
6397	0JkLImaybz8gfwyyPpslVW
6400	5RNCDIlixid9IDt28TJWfh
6416	0YQsmcryq7NcSo8BnCGzJi
6426	68qEEizEky7SoFbIioMBeT
6428	4aOOExMBUyxKnEYb39SrTg
6429	2WqtCYZXu5cdUHgB9TAU9o
6452	22B7Uq2dbews0bPP38hG85
6453	6yTeKPFMYSoHRtpGmKNi6x
6458	3jENnZADFGe91pCwROT4Z4
6459	7B8wE24UTg0GCiF6o2tBaY
6464	0zCciubh77W8fS6YnZf9Kb
6465	5I8JJMfRIcxNEAGfq5DwEi
6473	4rLltALU0JVawcOAA88bnQ
6487	2RBsmtiaD90yNFtqkFjBVW
6488	6aTXWDVMR9fcdSL1lvRF4z
6496	6hAwKCSmE2Dz1wdLsiAN37
6497	07xpsAw0SZ8yVpHmmicHYu
6528	6qdkZt2XcHu0qaO3KqbEh6
6532	23WXRgbppbqQyfeMC8Q5mE
6536	22bfQlWDRSa2a0gDtu9pzg
6539	7as05Pl0QD1xTsGvx0bNl5
6542	75oAE4nKWkGkXxnGmCQbnL
6547	1cmFqiYUiAjV9rCBwItG3U
6550	4DRVV7eHuS6NHpPREj1Ieu
6554	41GkP0CoqbNz5T3IA5LUiX
6571	5HKGao9AsvCi0iHeDgsdeb
6573	2CSPNWjXyzqkIUgUNyhZoY
6575	2JBTXIwNDCh7vFLv6REayZ
6585	2CQtSUeIoUImEe3wZMvttI
6589	517OAUPOHffbdncSvT74n9
6590	6Fc2XdEvNp0tudDaSlXj5W
6593	6Bhpt42jgn4nHRuGBN7H5f
6594	7fp00m700VO1hhHM5pYvvl
6598	0ZOHvBumqWuEYmLlnq13C5
6602	33ZXjLCpiINn8eQIDYEPTD
6604	1P8aJ1jCmoEhf7ycfpqj3B
6609	2xOiGlIdloYtT9zXwv6OLT
6635	62vpWI1CHwFy7tMIcSStl8
6638	5A8EYS9Z4hz4EmtU8W8kI3
6642	1GtVGc1UYin3zpMUdNSSpM
6644	4Z4icrWr3GTKDyvLmUN7Zz
6646	5jNrszQHRIVKmS9Ptb63pe
6647	157JgwvZSecwPPnG7rUmet
6649	1f58xau99Rdn0hhcJTwRhz
6651	2wVaikw9WmhmIPyNt6BWa2
6657	1NCDavTL2N6ZIN9YvUsNcy
6663	5xE8cBcKRjKEDdJwmh1ixN
6667	640cKdZTpqmtoF0G8sBayi
6671	68IcOPquHFbYooKugWHZSE
6676	0zqRPyHnLffpFT27q81V64
6680	0PdAPcDYgepDQ90SFWQvPG
6691	5AAEUP0EiGxZwqujNPmHj7
6693	37zQVgP3aTLKNvluXLB5Ii
6694	0WKYRFtH6KKbaNWjsxqm70
6695	5ByAIlEEnxYdvpnezg7HTX
6696	2gGUJE8gmUaKzfzJNXBaGE
6697	2QTaBJzxshbJnJroaOA16C
6701	2YP0o3HzlGVOJUK5WQkxM2
6703	6j97zG4DDrh3oUa6rZbFOs
6707	4QuqeBvQcZxiWHzkepl4LS
6710	5IUkMPSMtrSsrYZ3XBqsuB
6715	51o6ZEmuyDESow4gnsNJ7u
6720	5ioznsX82k3KxNNl9uaSIW
6773	70We9AqHenA4jcmXmKzJnZ
6776	7tJtoPXBlDIzYNMpceB5ei
6777	18uSf7voJFvgMqEbKyclFg
6779	3beENlFQGJFHQVndVV8A5i
6792	1Sg6Rju24GFZl4NEZAKucp
6796	0bmXZDM1Z78c1bmAbvXDgS
6798	2PU6NfckyK2iwqy6cFgZHj
6806	6A6CvYyiQKlpgioaliR5fM
6815	1V6lg9GZWxm8v66BTKMtwn
6826	6ekV6MGnPTuCOnjB4VcWGc
6834	3EUbXrJ0lQvriRO1gcaLXb
6835	39THZB4Euxq4G4d48tNEmh
6845	4AVa5o8Nugb1h7rfjBduzF
6847	3vQir0wkIdLGq3Lc4V6J2y
6853	1evNEqx7cBBpM4364ayDqP
6854	1xEcsGNqeAeeB5Yx2gmFRJ
6858	34GDyy3qGMH9PebVhoGEWg
6863	1lKQIxQDnLKoFhNWwMFiho
6864	53VbeBh3PQuIToDogqdakd
6868	1JhL3LOdkrpJAGRubrdVtM
6870	3XeChstn2eiMmV3o0eZgM1
6871	6aD0Es1eyfVqpYZKJm9WkC
6876	2r026hBVHX35xwqAr0Nldf
6877	1aEvsjCo142yxn02ACMCd7
6879	5XhkV07Vou38wnrzwURUOC
6897	5u3RPAOvntut4wYD8TpBrs
6898	7IsJIefcpEqFONqxUIrq6y
6899	2yJVeT8cP1zstJxRP7Nlv8
6905	48UPSzbZjgc449aqz8bxox
6925	0XJzb4Jor8YR2razT8lA4r
6935	5KnorNeZ8tSEJgXTkrH4zS
6960	1Qesfmh8w3AOTSY0MPYcoX
6962	3Id1OoXtk3iA2OjC8rRRvf
6965	56ArdfWEIJsSlcEe9tFF4T
6970	1tJPkmHvteXPJkw5T9WMXo
6974	5gyVZz6SDbXbaNMOcEvSBG
6977	0d6v2e17Ygly2Azc031zkh
6985	0KfWdVcn5oAPUGHj5y3Ioj
6994	1267K3h1QtvfnMamlxtFQ4
7003	6Ty5Vsn0XsGrhlEVJQqNB5
7004	0FZ4Dmg8jJJAPJnvBIzD9z
7005	5Zx9VpLotu9aFYqq61NAip
7013	73kqkkq3uUFCm87msAeusx
7025	7JF1i2VyTvZLkU2sM2JQFB
7026	2NyrXRn4tancYPW6JwtTl2
7029	0VSGx8aKYzTdPiRTBFOyW5
7030	3BJgOlgo2R5z8J52mTkGea
7035	6su3B9L1Pym94rOoUpUumc
7037	2xbI8Vmyv3TkpTdywpPyNw
7043	6sPo6bBg1zv51n5rbxhTGW
7044	6JABS3EuOiD4qMIFZNDQIt
7047	6teCncRYJV69b18gKeJPeM
7050	7qSwJt9nKqtrrrNASl6jaI
7051	5mwo2Mr6XJg7pVhyiAN8O1
7053	4d8Bn2qzpNq3mL5hkUkYsB
7054	64gxE7cT3zyvtApCGyZQjL
7056	0YCl0i8CTDqtISiphhLIE8
7060	73nCmVwRwR9POyYDWy63PE
7062	4nqHxarUlHcIV7UFTCsMum
7064	0mABWTH4tsMcGNwcZfL8MW
7065	4IzRn2wksxxplfZlVQdG4O
7066	6OAcL1KVJHPx03PEQquVg9
7069	3Jr5fWqhz0TP2OXBHJNWER
7071	7ENXzQv13CCO1uTnCQidr2
7073	6IhY9VgIQ7VNe78jwiN4UR
7089	0VB3eOmC4Q2LXXEJax00bB
7094	1ZHbGd0JjlE5pjvlmYwYTr
7115	0HhTs7q7pjD0gkrQuFrzlV
7117	49ySwzAyvxcNXOkOP6ZB1L
7119	6w1k5KDajzJSqPJzMYsQhA
7123	4EnEGf9JzAJhF1XNY9DJcD
7124	0xGILaSgLAAHdZCtLTLOqB
7147	5iemVO9OZkHyGcj8jhqEoM
7148	5ry2OE6R2zPQFDO85XkgRb
7173	4lsBa3EeXgXZSfpwYt5wjV
7179	3aWX8DMLmQCOGx6cHMPr6V
7196	50QHrpEyyXjMd1HgKeabzk
7203	2PlrYKsGndAMJ0qqVVPCoV
7214	3OBDoVewDiRbjgqTGVj9Kw
7227	0Lr3TyqsegDxI7BTWwLW2F
7232	4xvzXs6duNPDb4sORvmd8q
7234	2dzja72gQodveSpguIQGJl
7242	5mpUKTdskZea0gStWzeHUZ
7278	44gRhRi2OhEf7moAUj6MD1
7279	0FD5zzioXzTADC5YIeKVJm
7282	0WS7VAPaU2m7S0uykecKro
7284	3LRLcTrKBTp9AyQdpx8H5R
7286	6bBPMpcWL9JY1kafIg0KcE
7290	2xFxMCpPRIsgXkND5gG4aA
7293	3lGBvPUgO7MJltUnBlOpe9
7297	4800AjR18zbvpCVW51nn00
7300	1hfLFbWBlAnEVie8FHj3Xi
7303	3WKZ8qT2fgdMzWBtfryXWd
7306	43CKG4Ag1kYOsNUCcHr7nI
7308	3S44Z7MhQ3TKIQA1Iz5jJc
7310	4ykIW49ZO7UnmKbancsDIV
7314	20LxTsa6936zOlzTWqoPVt
7324	12kzVvPqAU85gvx1KNn3zC
7326	3ASW66hOzCZ5VGhi5qc8QL
7330	0KiKfllNTmhImvXVIHqR0z
7335	5q0ylMxEpuUUGS53FZdxNW
7337	6wwAaPoX7Ce81Rn85Ntm89
7342	6FR2hlqPycfVIAoYq7BD1E
7366	729WIUjxIG67whWORcTYpt
7377	1d1fZUceM2zK6HETEYtzxJ
7381	2MIYfpEKQ8zbKBdVwOaSBH
7391	2jAeAhacIfLBWbTMMBMf0o
7393	1ooO1j7bseZCHaCFxVpoMq
7396	12XlOlhXz0LH3YndPhanFu
7412	386QiZIx879nFQDPllTLnv
7413	3MDWRRt0VdgzR1cLgfFxAo
7414	7N1Vjtzr1lmmCW9iasQ8YO
7421	0scoVDGuwMLYmN1Ss0Wty1
7422	3lUFS9JWltJckovUrFbZqA
7432	4OilIZL03gVvd7oAS2YSRY
7435	4GYyxuJ4UpSJEPEcXZbU9p
7442	4hbcs8vaamKTPevPIJsY7N
7451	2HaMsIYFmZkKkUn1NTFPgL
7452	0PV1TFUMTBrDETzW6KQulB
7454	0hvxqftYCZT406ElE03giM
7456	5l10joOI6MV5yiG5XBBKmp
7457	1kxq2ByL62HX8YQQdvK3mz
7461	4suPWEmqcsSeqnXM20gXXK
7462	7564ofEBD5mEiIkTclAW1J
7472	7cz5qbbUEGJSVO94xFI2MX
7477	1E3DLybS86p1rcz3ERoWBZ
7483	5Uj6Zy5QoGdEZob7xRUakV
7490	58TZR0i4Zg0tL3SnK4OMvf
7500	5H2YhcHELT3AJuJ4ntinqU
7501	6cdEPwTp22oR2QCSB4yfP2
7508	4PbhV8BYpnga2zdeSeqhcw
7519	0Z2J91b2iTGLVTZC4fKgxf
7525	61VlApj8p2ZaP0WTunTrKT
7531	6cSwS7emrRi37hVniB7dOa
7533	0I3q5fE6wg7LIfHGngUTnV
7534	5HQVUIKwCEXpe7JIHyY734
7536	3UASDrSeooj4uxXx55CKOM
7543	5MLzb89cE1g07teYEV1Hgq
7548	6R9bdvExOZiLrwmBkXsPGr
7549	0oLvKRdbZxTV1uEnrwApHl
7551	3ZLIezMN3Uca2cVwF7S5qp
7555	7u9J3EWF9sMPDnecpOxtQd
7564	7aWyiq6UX1NKC1aOGkUEun
7565	797i2RDE7Dpx8CHwo5R4mG
7567	0QMHVTnrFTQJoaqmkdsKhT
7568	7MJV4HKl97xxetWxcIn9VA
7572	4iGZEhQn4iZmIptLphek60
7574	4QZxGuNnoAth7qxzVOd3oR
7585	5YpZh8wfS4moRBk0ijNcXr
7586	30oTS7bm0aH3p7lqjEIu8q
7589	6WQ6UeU3OAflPdPGZTv0uH
7590	2p9sprAX27D6U5cuSE9NsM
7591	2eK3hXbKG2uhn9XNsgTHqM
7594	7ne6a1cxkHvRg8uOiBLK6h
7604	7dFGkZbmm6cVlI28bfMaWE
7613	5mdgkLwmUh20bcj0O6i709
7624	5D0zbCq9DqP3CgMZ6R6Msv
7625	6tYL1tBaqTcaqXIykzfF7M
7641	3KojI1Ok3nXykNiZT77uVb
7676	503OTo2dSqe7qk76rgsbep
7683	6eoKsdWdBwvFGAdnxPL982
7696	4BlIhnEm7nALptBnrPLeiE
7701	24vNw0Z0srb4zYXwrakw8E
7702	1mY9YGuaRWwE92vkgKKhp9
7704	0W1opjXGT0oz8amfsAhblw
7705	1cteSBmOuKrJHwXRr2QAWO
7712	0DXgUpuBTX3RqJS7iM59YC
7717	0IkLMN8d1HQcpbvskhz6f3
7720	5y6wOadQ0RZfGZkOey0deO
7741	0op0RiQ5VVBRvq6Tbz1W1z
7742	2nBRptHRrQGUNrOeZQT8oU
7744	2RM4jf1Xa9zPgMGRDiht8O
7756	42frvgyynz0jzB152OuM1N
7764	3bPK33sZdStzPI81xHOoc6
7766	5Z1xtYz457TnooU00V3eX1
7788	3zCbbePDsZQJ0iHkqGXSjG
7801	21FxEmtjhvz4Du8rbISF1c
7815	1faZXzEfhJoy9CG6QPDNZo
7819	7kqcudBGM74MXVoYMaoWkC
7829	7kF3pqmT3wAYq8m8HsGoOB
7839	7aRGb3vZGMLNpK2PEdUjdA
7847	3tZmmHehdQv4dLyrDajMR0
7855	7qUh13pqLUkJ1WylCPOmj0
7864	1zucHJN4WKHIzSL4FyiJw9
7893	0jfIQheXtPPOX0PSn2xxdH
7895	2fpzSINgTCbf4sS7LH39G5
7896	1JBrLoAYGbdDjNuRqdyjA8
7908	52wb5WTaYlqVkDFL42WNkk
7910	5bQhoOH0gZwdofGBm7GvYY
7920	78s6SE2zr1ahnrOGwoDPSL
7934	4qwXiPnuiAl6aQIf5Oliyk
7941	3lFr31BkSc4MxBN0iKqzI9
7947	5Bbq8eUtEccfppZvuKKvkX
7972	7gPHxxAq4YjK7GoLT3Vch3
7980	02803el8p3mKqcJzJ3Agpp
7994	3hWScIEUaZGBKTnVYdNwrW
7999	5ZnMYrwtSVBMHzL61L1q6v
8005	3gwOLn8Oa3muW6kXiut7Mj
8012	28BTLHIRdW6qEBTbnoYSjA
8018	3wScL5W8H40zzCKN0atfBk
8024	52wWPbtSowSLXqEpMmYes2
8026	7jm06GAZ9vHkIttXiS8ZYV
8029	36Xj8yamczFFMau3t1pHWa
8031	6mFGxcE08eADmfiXz0v3nR
8035	6yyHMA86QFLAFdtyiGFWkS
8043	10nbIPV2SRLqEjIpvS8CVb
8055	5BJVxZaNRrqjHwYpGcH3Yq
8062	3AvqLp5XsnkDePU7apBW0x
8066	2aHlRZIGUFThu3eQePm6yI
8084	7s32sGMquHsd6vP1PtBQTS
8103	1Sgj10byiGzPpI2IrXSFEn
8106	2bP1MDMjDkH92fCN9iqbS5
8109	1w29UTa5uUvIri2tWtZ12Y
8110	7f1UEGMBMuXfLBP5XANfrW
8113	7FYH5AW3bVfZHJIQpq3UOA
8135	3FtYbEfBqAlGO46NUDQSAt
8146	1nfXSpPmkfXdXK9nOpepUL
8147	0XRo9jYOM3Pq3I0E0hGvJx
8155	5U6FvItTjI2kAoyj5JqRYh
8163	0z8Jwgat5I77G0Bof71HMd
8164	4s2iJjAQBIZPYk1Q3B2dao
8175	30IkPccFGqv8B8JgKIe0sX
8176	1I728PmNm6M5i2JVBILumC
8178	2lgzFaeFCQ2H8jpgO6u5ue
8180	1oTHteQbmJw15rPxPVXUTv
8181	4iG2gAwKXsOcijVaVXzRPW
8182	6EWQVzkLDoGv8Pwk1F147v
8188	5KngCCb3xeGSll7KYbu4cv
8198	0wE8TUet4z2C2KQaYDygUF
8205	6fxewok2R0FC59iIuXe42w
8209	1v5KKoYyBJdfvoP0CnAtp2
8213	2ShvTyfnjRWVjNB6vmu5Bb
8214	4oM9DGUTrRaXJDypxxHztZ
8220	3uubYELqTxIOqGalMtUq63
8224	3pjUyVbFmM96tYhSaKJwTt
8233	6nwAubYnLGl7F7cDuOoVLp
8237	6wTglYspTf2Ji7yugxN2WQ
8251	44gs0y9Zk1QEsP152x5ymp
8252	6zuO1JWFXxOKAxLXHsrEFi
8259	4AKRYDror3CkKVc7QscUng
8262	5OwSiq2t0H9fPz9HefNWX6
8263	1hFAlcUd57OzbLEiIpr8W2
8264	0rhwoI1WTSuXNQSdXOUnkt
8265	6jCGzZn0gFeRlbqdaJhw6T
8266	7e4qApp1yNE2kzv57lRsk6
8267	4gXFUhyu4fzOgmV28BiJ9s
8268	2YzNSJ3Trc144Ks2Yl5kaA
8270	60WcXjimfbhk6T0gj1Eufg
8271	5SLhbyOJgcKGTDNWaQN91M
8274	2zJ4fZY3Mevo75wJtmG9Ud
8277	2jKoVlU7VAmExKJ1Jh3w9P
8284	7pRcWov3NHxi0GDkKdbSb0
8287	1ek6hIy0bOJ92bDTuF4zwl
8299	5FqeMKQuw0UrhGuokBvL7w
8301	2O8gSQ9z52tZSLJnuzjkcG
8304	39xWBHPM4E9MwzEy5gbM7p
8305	4Kl0Bo4ybqAXo4IMXMlUk4
8311	5g1cZSRsYCydAw5gapzqDa
8313	66Jn5oJdw0F6JuElxrMBly
8316	4cVGYn2wNj8KNS0VyZ3cb3
8327	0VvjVlceUyNxzxoXSClamg
8346	5i4DwC4yvhqKVb2nc1Dptp
8347	5FJd3Rr9SxOxS3X7REypm2
8349	0DvNd934ToR8kmGhWwyaW1
8352	5rmwke3lIDXLELp2Rw2OW7
8353	06iMqWThw4w8fTFyccvOwr
8358	4XoP1AkbOurU9CeZ2rMEz2
8362	7jOkbZiMuuVGcz01j7AmyI
8363	2aMBeWzVIbk0cJw0vZQJcu
8364	1tVwKHwJ5OfNGIyAuM8HLL
8366	0Yp3wCUpjrG7NWWPDpmQXm
8368	7M5CSKfJFiUmyBstMfFrzx
8374	118GDDEvC9B826YFrLfvGk
8388	6xxvhqxfBAhAOsf8OJ5shT
8391	3GG8OxytIQP34vapdafjnb
8393	0easEmosKkPhksg0qidzXo
8406	0VT5MOJXotvejoWkkuBN30
8407	4ffdA4Cd4nxFJv3fq6ZWoE
8431	37AGgp9VP8TVJBfEat74Bj
8432	70whMGrt6rwbkPlXGNtTBw
8451	0kIHfcHGFGm5xb0dSlKEdp
8455	1cMMa7Y8G1hb8JK6jD8iL9
8465	6FnCcVj0TjqZrIlQQLD7hT
8469	6bTyduM97Iq8GcbmsatKiJ
8471	4WvWrgenai0d5sfwyOKQY9
8481	7hsulgRNgbyczeAg8tChCB
8482	63cd4JkwGgYJrbOizbfmsp
8483	2IoVnTEyj8NdFBpWoEFrMZ
8490	79aQX5Uq6t8apowFe5uueL
8520	5oZps6mYqU5s7A4WjUZggJ
8529	69a3MMNcoDtV3mmMUcB7Ou
8532	7zJld1LpGmLsPt8IGOc0KL
8543	0Zb6yib4MqRrsBT5FgHxwZ
8549	2hE81BUtuAQNNvpdwDyosM
8552	1sfH0zJHTSp7a7IQW8gfD9
8557	409qeWve1NEa9hkbrTjaUo
8560	3Q1nxAiTiZ7sUiIJD54zYN
8584	2zjGJ0dChMR0KxBZS15aqo
8609	54sMtjY3sKIExS8NhAlhkt
8618	3sHClt8nhqPcLRnAnLmvEm
8627	2xONP2xvJLEwk5B5OrnOfH
8628	0GH8B1QWsjpmNqUbvej0bc
8632	6eL1ncVDtQHgSm3E288TS7
8635	2dFz5ravSFl9FL82ujab6y
8638	3tQHuFBHwcOaRyZknmOV71
8639	3TpBefRZ1vFcOH6z57PQRI
8648	0JAqHHuUWI4N747sdfJEA2
8649	6v4NynIRvLi0b2VPssWYSI
8650	6HOQ2zfdcuTsi1uIJw21IU
8651	3vRjR10C2dZgs2Y6MFESqH
8684	41n3a096MulIfYhn7DHSfs
8697	4uTYjsklRVKD7FZdeOZgoB
8724	1NHlyKgtR4roNylOhidKSv
8732	7iocPVdWe7uLfwOELdf0BR
8733	2amEGukf72WmlPCXujlRgl
8734	1U6QbqfkjjAsAwRbfWQIXG
8737	6KIKRz9eSTXdNsGUnomdtW
8741	2bdw7ShjwvCIleqxcQB4vj
8770	7JQKj4FveKAYgk1UzW8Vo3
8776	3X4Oz9LjhhtgyOhVNlfoYa
8777	6ZBqCuo8fUGSZJGYR9LNwL
8784	3Sn3VXRunfkex2Jx490Oo4
8785	1ugsm8Ri9LF1RTOV1EHIyd
8796	2ENkX8uXy9QxWj8t78Js7s
8803	2jZx9wy7JVYYF2Yxe6fUNl
8820	4zUfhFkTcRed5WaZRnqAF8
8825	73pec30wWsPBHeFJU6UK0A
8829	5b2kpSZhq7Z1cHzsJ8kKU6
8834	5BG9s0tpkw5ZPDsfhVzwRz
8847	6G0FACzGN80Dj2v4ass5rq
8856	2UzIX9J5ejSBSaSrHy7ZLD
8878	3gO8Oe6hXkTDimmYfkXpp8
8885	1e2U2mOdir61vzN7Jp9wOL
8896	4sjiIpEv617LDXaidKioOI
8903	4dyqjATpeX4aSqf1uW3Vkr
8911	7ob1oCXJwbXuhyCeX21RPZ
8912	1TAdu3q31r2gNT5eLUktex
8913	2YVJ1KUr5nP66dmxT8yswB
8916	4CVROaQL8mjERXcSQwShTW
8920	7DcvwMAiqKJQD1rrdfxSDx
8931	52iXpkU3eRuKPqls4D07kt
8951	1H7KnK26kc1YyellpbINEn
8976	3PDbTEFp7A7u4oUztl5Bt4
8977	41hwbZ1yF705MxJ7H9bwEu
8981	6Lk8F6XEcDiwdzBydiXJcy
9000	6phdsm8rim6xk1HKdptPQP
9004	68uqarZM6v1NNn16Fe3gXU
9014	2xKQj6P0TgxBVaRiojP2s2
9016	5Aq81B87P7XVqNFvveuxjy
9018	5367lywm1ux2wROgM16U4l
9024	605wfLbkNDPGVpJbGBzmaA
9048	41AVX8SLPYHGiQJz16mqMh
9061	1YR9iNGXtsbrd8deR9ULDD
9063	3ZFlYup9aPmnBHqi3EvvpQ
9095	4d21eC3M2dH7UM9DVv4PQ1
9100	2g7uRZ68eLtv74XrxgdT2q
9108	29LtRgYCigjfS0KlYe5IpN
9110	3KndRyfkBK1tdEHpzN85zr
9115	6orZ94TYARaJib69TMEbON
9120	7Hf6iQVxB1eunLGUgFk8vs
9123	5lFFk4Y021bldEef4AX8rr
9124	17jeLyQcEUmKv3MXeEo79k
9125	7IP0lO9tHfNwBWZ9X6TJ84
9129	20qNunchtmkmJgPHBQbfsi
9136	10HQfPafnwRWhHRHy3h8xd
9163	7A3hABh4EIchz37dbFXTsE
9164	6z6ISsTu3QRj7qTOnDzxr8
9166	3tvMa5NqaI4DIHTUcHQZW4
9179	7xModyaT160qa4zXbjopQB
9185	0BgwTSpKYAGHV47GBawIAX
9187	1Bt6TZfF8FSqdiHPN0vy4u
9197	3VVzD0AYF1XhOrOw99PXq5
9199	6TnLsNSHu6E7OFAcB8XQhR
9200	6NYISeIy8lsfbE24RU4nAA
9201	6FbR8waHGFBh0YuEmyBkvf
9202	5M4d3KUV3TJ7OiLYYzhorK
9203	6SUtwtsFALJUe8nJwr7XTi
9212	0B8drtTSp68pZdkmVrG9ZA
9215	6WceXj9vvlxVyRCkDXt4nI
9216	34MRi5GRWHFUa731JBxFEl
9217	0shK5iZQppbHPQYiy60xs9
9218	3JRpLfo1JmUL2LLeTWksN3
9225	2vfvGlqCB7oertO5VLE0sz
9227	3pHHqFIGV8GaRurPm5VbCo
9231	6I6bRcmmiUfOtedb96MgmL
9247	1GPDB4ufIPkgQjxZrdaOm3
9253	72Ll70vzJerDp7Cd40luI7
9257	0gpFiquPvir7e3RrM4kii9
9267	06jPwB4zWPB8hMfNIQ4yFv
9270	0I7esYprGdntNcPHc3k9bN
9273	2enuUNOuQe22b6LB31bimX
9276	2cjcbXvtrNuYVbtrP8B9Jl
9279	559Arq5vrjAS9XKDTlAEmE
9281	2Qi9SeAw0uPxuQx88u4eoI
9285	0T3ruvJQNQeTyK7tWKvdoX
9294	5AzuFMUO9TRuvkfbHgkbeV
9297	3qUeeE8p4l71hNBWLcy7Lr
9298	268h9XojPZB2m8DrIyZSc8
9299	1ia9bE8BaPHpuT3Z0W8TWC
9309	15cHgCzSmFQ2xzfkWRTzNZ
9338	3f1ChZHm6v4KdUaEW5y5qd
9357	7lgvU7WnwcNZ8dbGUz8yhP
9358	04fX3oTJm5Zucg3Uf9aix0
9359	46XvcuEZFFInDilbYUNHBn
9363	3gRlmtdCyNoKiyozn2pqc9
9369	65iyI1iybyv5ecsfBHSdUf
9370	4voEoczU7Ijborps9XF1n3
9372	3HCzj965m8Fz2E8wZkir6q
9381	04XnK3ljIjKBSmqDCLowAa
9386	6sbMTpjbyLJAwVeFKpojzg
9406	6TIgKxDrSZfChPGxw0azvH
9411	7HZCHfAOJeBmp6c3IKtQl2
9431	13s81lzrWUCfQAH3SuxnRT
9451	6nfnDSD5Wa9LAD8jeN5tix
9452	3mKIw9hqf7qdZMTc8s17Fb
9458	3nqnWEZnYoetfO2ksMZZVK
9464	0N4fNFFYFRGbdEFs8iI3pl
9466	3Y6XWs8xMlCngyIxNOFnsp
9468	5qqBsCBwzv0g0xb1kB1TGJ
9470	3UhwS81S9L7i2byZCrhSAv
9475	6i4Gu9ogL4kClgBzj3NZ6g
9476	0dNiLb9FEHrRK7VFDJctiR
9485	7nYvUtkQMx1v80S2FH2s9J
9486	1MHtFj66arQ3vD4ZNK1RYy
9487	7sPt2cfrg7DrVP52zfvS1i
9489	7sT3O2PXs1o12XnCKlv204
9491	0W2mz7mvaBaEsC4rmoRNPn
9492	3F3R4uyTMkX9jRCEVVmdz6
9493	3gY6tiCNsuVi6s8kPV6aQg
9497	0eEXcw3JLVXcRxYrVYMy68
9498	3ABG1UQTk0eLYUAeWkmfMi
9499	0XgpiStoxq1IJncYlPrvZ5
9500	5PQmSHzWnlgG4EBuIqjac2
9502	7vcepKD1pjulQvPOkiQmUe
9503	4YbCZSeX3QhpEyQE5KAtio
9506	7aAZOl8GHF6ge391oY0Kmy
9508	7bzw2mWw2pPAARJfZoapRN
9512	3chzPL3YpqGSwvGrAOuz2i
9516	0Ax8R1bv11V6yYHaXWjRBM
9539	7GpJFKZp2vr0zNHqcK4UQI
9543	6YMjTao59i1kRdmYlB33N8
9546	0wxpzdQglCVBKngsmbmcmU
9549	1iejDGf9FumlqmQekvuray
9561	1V8YIIHikFKKoNjrJBR5O5
9575	4bMLzfbjYJ9v3wvlpI6wtE
9614	0KVEBQA98JvkmB5ZydQ13k
9635	2T577Min8dOwztC3NBuGFm
9642	33Ze1sP9CuFFi1r6OxVzTP
9653	4qNtmqVx19rIfUAAa5BD8J
9663	0qgmAYknGcfr9r9eLGM1Vh
9686	6PnWPieFujuVCh5I7J4liA
9688	2uvaoG6seY73YoCfHZCcsK
9690	7JHSMLiSzVPxWGYXhe6UbT
9693	7712soXHdGcOasnlKbnr2s
9710	1j6kDJttn6wbVyMaM42Nxm
9717	6rAUKJKIA0bG0Yph6ojsru
9723	6LWpZmVDONqAqqf7fl8Lul
9728	78kerakBVr0Mrdfb5L5BmV
9751	4rGTobl1lh2sUGVEI0N4nI
9757	72Fw18NLxe3dFIu2BcMgrX
9770	6aCrMiyXXSrs0MOYDvyOgC
9775	5cXewODXtW1NnUVpObdyJI
9780	2fyLa60VHi5qgHWqpllTL8
9790	0hIVZSs5PlEZF8FARKRc5k
9795	0DQ0uSMu01OFSxZ7Qcy7Zb
9838	6NIeVsDLQ60vgGy0AGXpkg
9844	0ZBGNqfsPVnsZrGoDUBCbU
9874	2cLHnxLRLpIGgRnFRChnpr
9876	5woaU1FNkqCwg6WzWiQPW5
9882	3tLhjMOfbdRGQNudmIABp4
9883	1TqIIeTzPpeUhYbEZYXsQw
9886	3KQNqnurmpjv0rBnVPsy1M
9900	7LK2TDF29oZMj4os3929ut
9911	4FJokNdsqReVFNYwdLWgue
9917	0MZIc7P7OE98uBjVQVQ2tT
9923	3auTCeGjG9yqRxHOJHYUkl
9924	5VPm844ZWe1buVOn4wKgXp
9925	3Zp1I9bOyaivCo2w7KImvx
9937	6ys7svggZ5Faq9UnE2rPbu
9944	5q62CK2DoFxdFBzFDCctDE
9947	43YQDj1KOPMFAUcTEPKy4p
9948	22LAwLoDA5b4AaGSkg6bKW
9981	5u1IZUa8ImV5Xmlqu7itVG
9984	242imSS4XDTd5KK5fKbHSF
10005	4n40zMsxJtXB9yhF6ZcML1
10020	1ylymaTbSjggG7TaItdRkI
10021	1PlLXlCQThvDTqocy7i5ZR
10022	1VSuFS7PahCN3SWbOcQ98m
10038	40k1FQUvcnSUkP0djIxpdA
10040	5aNUnUOwu6mu4ZNjl9q9v9
10043	09RcOcXrDMu06bMGqBcQVY
10059	4X5AMbgW6whnAuDX10fhgq
10081	2UAFvWQ5N0AS6EdLqKAs7F
10082	7yTWoXdl9oabp3ICitdeRG
10088	4CfdeiALUjCNxJ44SHAES9
10099	5UB8JMAqsbksN45h4Nk6RL
10102	75VCeAWTEAI0SwKVo2d9Xu
10110	41uX0L4bro4KfKtDIIEFFe
10128	1uu9DbbAl8EtFtgax5lYkg
10137	4VepIH0qbFL4Fk54hHFpoA
10142	0Ot6qzEWZqbwxKEtehS7Lp
10145	2wBB2KKqtuK1fcxAiqbCSZ
10149	4v5H9VnpVrH7YSkRzWo2Po
10151	3zjxHcCNv4mw0eoWq8Cumt
10157	39D3rUaCYVYjMAVmNn1S4h
10158	6S6FVfLInBO3NcC1BsJPYv
10161	4gncrdopojb9Xe8KoNXKGY
10162	1G8jOp5DjW83kJdz00acel
10167	3NHIF5vQRcSN4sGbtL2E8M
10168	3ZIc9JjtVQadMkew71IhLf
10169	3jwhZi6tEW8X0T8iKpdBPl
10170	2qLGXFIiKqyKZpVX6OmjNC
10171	0lWhK4GhK7ZTbshxi7VKcX
10176	141P7NlXMEOGbaJIrvGqvi
10188	7rHDD5iLMXoPaBDPYTtynb
10190	4tVgwVvKLAkYSHHvMmixVo
10200	4yt1zGnTiXxkoJnrb8ZABa
10242	0ZVnhpBHZPGC5qNJoVTrhu
10261	4SH1joEnPChxEmycUw3U1f
10263	6UqLmFdhvXuxAkguYl0Cu7
10270	2KGXKwILK2HkRQNQqVt6yL
10282	2m7APGN2X2WdV2ax152VOr
10290	5jBHuzqDNpiTLx2uBjBNOV
10306	3dqNX51YYOdDwh8icANw43
10316	2gi3GB44Uz6PLWuwGSVpEN
10323	6Gul0FnIbrDUjpL58kB9gX
10324	1TaQ30HVhHjG7aTRTkwDzT
10326	3YQnTQjec7nuMLycMv5ss1
10337	7fh0wJXpeWkeXWdwMf8Bfc
10342	706ZrLifsm0nwlucKr4kQg
10354	7IrIpdGNjA9PxaBIxmuv6N
10362	3FzmWEUMpn2j2M5NCQK0WP
10370	5ODmjRnBozt6FzwAyZjGAh
10372	16WsbHgxzWvKbfRVkORsmQ
10374	2297mxrYLBAC4XkhXs39If
10375	4d28YwzFh1CI0m2yIn8fee
10384	64RKKnF8t3Tlv0RLHkescO
10385	4iygyceXxghVMv2okamPoT
10393	4InPkb53JOmTmpM1njbl6A
10399	4JIegj1fPkmQpTE4xXL12h
10400	5JT7OG1l098MmG0aIHyuc8
10421	2nHsbEcgdUFrQb5dvAuKSX
10430	6N2RSktQx9lNQYckr2963C
10432	6lyEfUDGT7OVnS65ELqt8R
10457	0dbuj25kgMb8eDcqtc1raF
10467	6ymSjSnuBocqYrLhs02ioI
10500	1MvJmoR4b9qGuBPe5Sw6y5
10501	4mYLtKhVnWe0IwGeKtZXBn
10508	5guQjkjzpIMpX81VAZTHNy
10517	6nfnDSD5Wa9LAD8jeN5tix
10534	07mtxYTLzBv6o2aW32G0BS
10539	35pp0JdY9LCFHxlVLgvStj
10546	6PRqZw8FjaEU2KaNlkDaQG
10554	0zSzeDIShR06It8McLFibG
10590	3oKcNBgaLPmc87M03szF1x
10592	4H74gbbaADS905j4pgCfbb
10593	4kWtriobCq5bLBLE48k56G
10595	3MNOMFUJ8krPIbyK7qOUqc
10598	658I1uDnmLSiltFCf98AWE
10605	3IIArPxV2jUXk2zTKbzCVx
10617	6r7ULK6c5CLVvImjTIztl1
10640	2xULKNQxczQSqGCizLArq5
10646	5XAPpyIoYF3QXP34Hv8Pvx
10651	7nm56cRHpA3mdU0hew9pCR
10663	4VjClR9wRKLSZ9aBALPiv0
10667	3eREkuqKtFKXG3QlgpSj9J
10669	1mWYAMktr6Ggh9paVLyc69
10672	17ogq23URBFExgIEnqbzOv
10702	0vLMp0ZULqjhD1w79GSKKE
10738	69m28mCqbgVcDI8GEkUzWw
10743	3BSfWiSMIVixs5nhXWJkDs
10762	1u0jk2JBvMvHxudeLXfna0
10781	4TN0CciXiCzCaLHcHGLNBq
10794	7ad8e0svr8W8AeWWpo0dP9
10796	6y8EYypJuGdqtHmd7rgkwf
10803	4F8UlPvgPOIRplL4Xqm23q
10807	7kMrGXk4HUyFubpV3GMisg
10812	6SvoXjxa0JMiiGtpOuOMw9
10814	4f4AKJIoln9OOu3Qhxxbg6
10815	0mUBbNkszZf3BDyBdPWOqK
10822	2rGzntvNL0pePs0ujr3NPa
10824	0eaNyW4Ui07iv21Gq024Er
10827	730Zm6cyw18xiXAqjjlyjK
10829	4uVrs1SNb31FknIkIOTF9t
10831	74Zox8JHpIEbjj2BjWoBGi
10834	03hDlhgcuWhrcwv7evFH0K
10865	4jxGd50JrjPDqT08H4cr2k
10877	2XH2w3lHRhbZ9D5lUjVVRC
10887	3lcQZ7mqEq1hgkMIzXCjtb
10893	46RyyBgWVFBtsrU4RqjYoV
10903	5PcA8FaM5vlZBPIe58C9Q3
10910	3hu0J1n9WVCtehnfgXorZV
10921	6zZgc9ShcuF8rbqGsn6CsL
10930	28xkYPSP0P5xu5vT6MQfCy
10938	2BE9vJeT15SxOnO0kWecDu
10958	4irYeuAi87yyGHcI4h9s0x
10964	7tqJkXtFIND7WS9Mpmb9Ke
10967	1VmCxqsBeGroY8lKnLjW1u
10974	0DSyoNpXX36Yid9inDzxiT
10981	6MT66BJ5e15sMUPTsZmpiO
10982	2yyyqf2IKMx0tv87uKWtDS
10986	1Q0X5oIFzLNbBNlWVJ5zYC
10989	0PzqvTkVwIJ9yYeQWT9mC5
11005	04XnK3ljIjKBSmqDCLowAa
11054	6brvlhkOJXJtJHdO9o1oPm
11062	2ts0EmlQYna4Smm0t3pj2D
11063	7KGTCcNMNgoyHEYlrmRdtd
11070	5Q1ZLGCZ4WksRCgt6ayBWi
11092	5mH6atbSCNHNKKhtV3hjn2
11105	3IzAxjRYRaqGsnc9CKSr9a
11123	6Dul48K7TToUPHh5KSvTGI
11152	21L1P9Dfw2Xm1b7VBkT1ER
11154	5t76Yu4YpDJlcYV2rJzdWN
11156	1bStjB0sHQs5frviAFOL0N
11163	0uW9mJFTgn08XqGLeVTHZl
11207	0UyvyrGB5Keyhp5i0feE6o
11212	06MfANaOP5G4vQuwshU4kH
11234	6ys7svggZ5Faq9UnE2rPbu
11242	5X1SO36QO9Nq26ygyJJ941
11250	0Sd0kdgU6HrIclxYjuV99j
11258	2tE4CeZUF7CdD6IYq6XCja
11262	02fvb7ILPgYY7nHVJUq6jE
11267	6yK9kwo8cBoVRNOylq0yNc
11271	7e4YUZDV1G7QWakSs0pyv8
11273	6xK3445FiGsdE9tdnRWkRD
11276	3BUFs1YNRBoGgYNrK9hQov
11281	4SfkdEVtC16VvjCyDvN60N
11297	2ggqfj97qyiORmXoVFzP5j
11317	13m5HQh3NzNyukUsA0GyYq
11328	2SFwts7PfxKcyTzQGFw7rp
11335	0zCciubh77W8fS6YnZf9Kb
11348	34BjpCWg9uTA5n98hwTM4q
11350	6oBL8TdQHEO7jeEdqECg37
11351	3PcrNUFsSYnkJJNE6roBKl
11364	4rLltALU0JVawcOAA88bnQ
11369	7wiFqOWEOHPdYojpDcnNuA
11419	0kCfKToIFZFQQAaSQHcjRL
11420	0hQKr3CzjSchSyriQbBAJf
11422	6lrOr4Ks7b6B03n0YmKjND
11425	3wToo6EYyTjqsC0cyrHdkV
11438	7uHRKSQ9WIlBBuBY7BHcbq
11440	6JGx4pHp4BmcvjxSHoVQ74
11441	5YZRZqEkrteLmxvseHnQ2K
11451	21PmKbhk8SsEgIEfDCDjvw
11454	44d4drNqTOl8CuH4Mfh0F7
11460	0VEHWGFb33FO0OREIjH1DZ
11467	54XOXYcOjI1aEqAs3TCnnU
11479	2EcaKs9n4CAdPCvXBuhd8l
11487	3UAi0xToTALCJioISjvxFI
11496	2e8krAXtCrcFDKfaCmeA6m
11518	3PfvRBNy3J23eLxDp5iZd4
11530	6yTeKPFMYSoHRtpGmKNi6x
11531	23WXRgbppbqQyfeMC8Q5mE
11532	3mRBSk7h2Vr0D0yott8VhC
11535	0S0vWvyZ6Rc79TXkWxT9QA
11538	20HyRkNuZ8yA3erFummr2T
11545	3AvqLp5XsnkDePU7apBW0x
11557	2ipf0Kln5NIWOUXGzFKxbF
11599	5q0ylMxEpuUUGS53FZdxNW
11601	7aWyiq6UX1NKC1aOGkUEun
11602	7nTPlTJsViE2s4gCHz0TaE
11605	7tJtoPXBlDIzYNMpceB5ei
11619	0lB24x4SNbi8lLhUAsdoMO
11623	4gwdxrHHokQzWXjrD39mFf
11655	3oFWM46ktEX3YcUzTcLYRw
11673	2I387d1XWsQfWcrwXVp2i0
11682	0wcWvS93BccuPs82d4Cf8b
11690	5rI9MIK4ZpNA0ltqqdhIva
11702	6wTglYspTf2Ji7yugxN2WQ
11714	0JkLImaybz8gfwyyPpslVW
11725	12h8lSrdSG3eMvZvwh5iZd
11729	0IBbrqa3x3GypnhQXTWdKP
11732	3uYyFMW9C8mNJ8kb0j1r2N
11759	0Vq9gIDXdXD5bfU3AXLjwT
11760	2ZYCj23XKjHQhQuRsRvqsR
11766	3qFYMef1uheus48DR9AqQl
11771	1na4Evhdtp8U1afva1sGh2
11781	4HywhmriJNDPbVV8ltwG7C
11782	0zltCbKuXQlZi0DHEli83W
11786	71iLFVSLopsIZUH8TYVZFS
11789	1DYtwW0bh0Q3kQLbtxs7HE
11791	4z8K9iROVIzboUjeDuRN9I
11803	3oMueNQTlVgOdIfFP9ENz9
11835	4iAbDNSQuqLOrzsLY3Q5ob
11848	2uIaHxLlK7sL8iCyse5Oyd
11849	03fY0Ogz6riEMEBi2vSncN
11853	6AtWeFhlJUSzhl6tnYIkJ8
11855	3G7U4RtrbuvndQQrksH3es
11856	62Y8Ff4EcgUaWKHYEAWybz
11861	07BCzMdqX3u9HluaSQRcL2
11885	71UKLUDZXtslq7GFYKpKRV
11890	4SDPSaOIM88G4bX14Vf0s5
11893	06jPwB4zWPB8hMfNIQ4yFv
11900	5A0dTtEFWPuGkbV6SGbeb8
11927	3RxOttYUEyOxqkC5QsevG8
11930	4W6eK4bAW3d4P3zsGEI7yI
11934	0LskkQfl3CgOVXTp35AuLM
11950	5hVvT9tJIz2q4YcxROYPWx
11963	2p6vVcEIp4ViPbUbhakvq0
11972	0e9MVxoZqmyCKK1J3XRU6t
11977	22GGBXrQllg9hjxZMQ6l4m
11985	5dyZYcMychpVoBMcUwEqnE
11992	0nw3E6WwFR8vW3vxOvaUYV
11996	16WsbHgxzWvKbfRVkORsmQ
12006	1lgGbr4hxyiO1uFvic40ji
12010	5AGFH1XOeaBps5LZEDibq1
12012	6W11EP1iuw2wWduplFxnFJ
12029	2jWBH2mvHuisHxhpDbHSXP
12031	0aqQOryIUPPgtAhSP8YTGk
12032	71SKyBxFzUe7pCT6iyewVH
12033	4AP3a7eEOlz5sTJiWnv2C6
12037	7A0bXQa4mcLxAgPaN9p1YK
12038	7EGQFUJ0tuY5RmQa68LmJ0
12045	1ZH4d5WmNEwBNcPDHMeyZc
12052	4iO6aCCNBAN2TGTD5JYIiq
12055	0QVaxm1puseE2mhmCFzVGh
12057	0XRo9jYOM3Pq3I0E0hGvJx
12059	1ShXproBtHLWe3HWqEJK4d
12062	76MAuC2CTH9kCsXSM277fY
12065	4miDVIkADmVVvn36iFmBTB
12071	2JYCp7u2DCxZ5pzTylzQ9n
12075	5BIVrMHrHgpKnl7RIfgV60
12077	6pU073MAUfU1qXDhbiz00u
12082	0SV9f6s9hmm6gE2ujst1yd
12084	0i0Md14tpsGxu4wgjgJmX3
12085	49KGG911rj4hHSTlzjCOfj
12088	45DVlz0NtoU21E2yEr9ZUI
12093	1kwvw43tGZqzVpsenQe0IU
12100	7mDCg3yAQXxa4ieJU9Xgiy
12104	0ArI1KAe8zIhsqJbwGnc6P
12111	4w6oBQOrUv7AePQcZNI6SW
12112	4U69ixXRri7b7O2V66a6vT
12113	6VwBj1x2WgEBZPxYhOm7g7
12117	5210YXMqlC7dvcTyDMl8Xw
12123	2Z4luUc9BQHrEwSSJ1eg0q
12129	1IgShoJXfodqnyjl9QhZnH
12130	4dEbC5GnAl4UoHtAbYfKKG
12154	2cmgWgKrqN87gjh4nc20Ff
12156	1Wh5LO3TWAvaeDrwp4FZgo
12157	27HHfwFiPfN8Xc70DvMwP1
12158	2fcCxLOFwIoIjD9c0HIGCw
12159	4aWui1n1mk2QjxxdlZbGBT
12161	61ec29KBUIhynBDsGBmKaw
12169	4zwvQLbXBdaDicbbU9xLpi
12170	6QQ5gC23V3NXhD8g2kwED6
12174	5mexbTuWx9d8DPZk4sDGF4
12177	3KLDHOJCVIUJMUTVRBdvK5
12193	5luLMl9Yk0DF96qGRn33cs
12221	6bvLOV5fdBsFVUTm64SBia
12226	4vrqeBi7LNPW8y19ZKtt1i
12233	3FGT2x2NFErWTE9L73XL6p
12254	76fHckyYc9YOoqnjAW09cB
12262	4GsZZzW1eJ4YzEnL6waq6L
12265	44NWKA3vUBO6TL1Bon1W0k
12271	5jKFW3Dow2xVLhEt6x3haW
12273	2ca6ChmWOJWF9e5RiUl3Bu
12290	3YEac2PHS2CdSuRrabS6e5
12291	2NAKFMGn0LqdTeBaUdD61V
12292	6EyuIBxSpGYUZDME0jtVV2
12299	0OEPrrW2ThNllso8oJQ8pP
12307	50S2bvU06M61SfC41HUzh4
12308	7BgURjxxWH9Y3MwgU6s5s9
12310	4ZA4dN79NhriiQHvTGezKZ
12331	1FJ0hlQdZhOcynVOiuEDDD
12345	4qcLArVhSpMiZFqltWYzQB
12346	18khWfihjYxrwGv6JwiO9x
12348	7eOfzMzmfzmEw84bWzRU8m
12351	2bbQGScZDUqEy786LwjDzu
12358	2q0Lmpq3e9vt0RYLUVxNPH
12372	4gm96rTCvUvK3o3x69X48m
12403	0ZBGNqfsPVnsZrGoDUBCbU
12411	5tDQ2Ep4MXcgjeLaZcwW6g
12412	5jZ1Z2GFTf2gwmFc3qiUxs
12421	1va84KD7DrxZ8U09Per4L8
12422	5YHWXpglx1Tplpy0T6o4Hm
12424	6I1HRAkeErdwrOJIfRrfIO
12432	5sTVykpRs4eiZKn96bZogj
12455	1Ps1p8EztpQmxwRas27Il9
12460	6BYRWJcmVR36DUO7Dghcxb
12475	5johpJIVjqU2Ki03DOA7Jr
12484	6p4jnIWFWyLz0zUo2RD9iu
12501	24CRDgNOgA72JLL7PHFjgB
12502	1fJFuvU2ldmeAm5nFIHcPP
12503	2ydUT1pFhuLDnouelIv4WH
12507	0COqiPhxzoWICwFCS4eZcp
12522	0ARZialglq5aDuPSyOonua
12524	5wQnmLuC1W7ATsArWACrgW
12535	4KacUpvbA3Mfo05gttTjhN
12538	1aYWQrIT8XPdtV4hhUjczN
12539	42et6fnHCw1HIPSrdPprMl
12542	4NaPX1b3NsQqJrrAwkkvVc
12548	33iv3wnGMrrDugd7GBso1z
12549	1fZhHANKVFNZ9W8iSh76gF
12581	0P8TSeRC5oSwjqGjkduTvF
12584	4v1DBjXexqj9YCvGKOWEY1
12589	0t806x0yTCvM81Rto5au96
12590	2PDLmgDWiwjUTxl1pPyDQA
12614	4VbxZbS5Vrwr8nnHCFBiXx
12623	4cKGldbhGJniI8BrB3K6tb
12624	5AzqPvcPUUtfjXedGCqAGR
12627	1oagRT7LfpVlNJN6FSZDGp
12629	2ec0NyxHJpuueI501AuCIJ
12653	6dzykD5EsopHarVtIrTE1J
12664	6A9nyMBdNUzVcFHZUEZ71F
12676	1Dr1fXbc2IxaK1Mu8P8Khz
12690	6ORqU0bHbVCRjXm9AjyHyZ
12695	6ihL9TjfRjadfEePzXXyVF
12698	21jEuMn2lf37715rwjow2M
12700	3nH2w4Q9yths31lC9C26fT
12703	5BmagRD7Thki6O1zZwbxBy
12712	3mNecsYFb6LQg7822DPXCP
12724	4sPJgy0CksvmXp9jC0W4gv
12725	0BpKPyXhWsTaWkgXeOd1Sn
12727	75HZ6Wxnw8xbgz6HU9kKCS
12728	0S0d7Qad5v7ZLQiAuwQxab
12770	2IBM7pWht51SaU52GZGiEc
12776	28hMB9JpcvpiBYUJhLZvA9
12783	4dzOxPZFYX77xpMwv4EhnO
12785	4yZexjpbKCRfK4jcXSUZfp
12787	1wYJnu1hMrYMNrkXKTVrYd
12802	0tWEB6BxbI48XN79QE1JbT
12803	663Karu2rvKLdnY0eo1n3M
12809	646J2jOtUe4Jflrmh6JFjN
12814	4EchqUKQ3qAQuRNKmeIpnf
12815	3LI4MmibTkXH5cGpCGZgyw
12819	1tL40tfdtUaSLek4DvDDr3
12827	5KHhsH8FqVs5CxyDeMOFAT
12832	7uiLbz4HbJBnY3KbswCMPE
12838	2nBWxgSZ79w9l6t2rUg6pl
12849	5KUUpftdyMnSZNOyO3qydy
12856	0CwYG1UnRmOx8Q1EzElCIL
12857	1pCQpsWJDoiBCSy5o6cvQT
12859	2hcdr2PBmQl2JmOloFED4q
12871	3EuiMoY8lTjAvIqNf8Uyr3
12876	4HcDu9IGRCvSTJE4yW5Ugv
12878	2AT8iROs4FQueDv2c8q2KE
12891	1Fu9o08qEKVEwzU8siVcig
12917	4tJqzoVBO6Iyq5l5JXkdJI
12922	6PsISpFaCEKwysPfwO9SfC
12929	4mBJUbN4VLcpT36O4uf8t3
12966	2lwwrWVKdf3LR9lbbhnr6R
12987	5A0UBoQaYh3Q4lYCObgiM3
12988	423FiDerFgzeEcqKEOmZ81
12991	1H4LTkJtNHLQ3n7pTi7uDw
13004	2bXGRGKziIwa0msWlMoZ7w
13005	7LAZoVMv0qo20VpimTOBsi
13011	7ve7SjgFNCQiuwaYP6uERF
13012	25FTMokYEbEWHEdss5JLZS
13024	5RxCC8ecpIb6W9MVrJNmSF
13032	5nCimJTGWS8HDD80WjVEqV
13043	3ouugfdFz6exFXUxu7wRvD
13044	5mXcLmgkTDJeSSqDMQnhUh
13055	4c7xQ7OsqL6W4RwEQmID7g
13067	1Ik16tNa5sbOckwDEeKji6
13087	6yVSp9H2STyLeOs7pjy2w4
13088	4dYeLvp1VhtMRBQvSUScoz
13098	63nrDEgc4rnp0EC6mTVzBm
13099	3GLzFOjfEZgv30S4pykkOg
13104	0tPfSDDuxLPBjyDdYgFUTR
13113	6ZAYvILgmRmlAm51ARK5xn
13116	2GNkR4EfPnXi0zRl5A89ky
13123	2OMqSRS11ly56zg9u5za6c
13129	5ByAIlEEnxYdvpnezg7HTX
13132	5ozvYiSPEuhUoHDJBDYN9n
13133	1Bxv1MamHSiuQcLVbS4rup
13134	3K4HG9evC7dg3N0R9cYqk4
13135	7fPZ2SQZOI8iLKqC0dIiFJ
13144	0EadsLgNAWWzRiEj9KTdCZ
13154	6lI60Z5UEtARdwQfdBYjuD
13156	6ZtWkMtvXmcMTU3rdzo2wU
13159	5Bfy6Wfj4G1GBYWlMfQ1by
13162	1D23LHWrtlQL9QwxDaUjXZ
13176	206qxxvb6LcAFzoIGu6ThG
13178	4dKu1HkVL1xh96F1JfDTrn
13180	1R1yJO9oVNcq1ae8AZH0kT
13182	7naGWci9bflvfdzxphFjAw
13183	0tf5uvGacL1KMmB7E24BCN
13187	2juBNvx3r314JwQcSjFTof
13191	1j8z4TTjJ1YOdoFEDwJTQa
13194	5tQXvReXiBFuIDFTvuoTi3
13199	2RhWgHEfd3OUuO2mz3V7bk
13201	5YESYAHcr5GpjheBegwFd4
13202	6z2Fx4b0hjqLdsJQOrNxbM
13216	4NvzYSfGNOoHSw0M8fKn6a
13226	0vOkRZZeSdTgrJNqQhSeHR
13231	4N9XoRgdSEZ7nhZ5ih0LWQ
13232	7LKYZDxba44iNVnKhgFVDg
13260	4B3RmT3cGvh8By3WY9pbIx
13271	0tgVpDi06FyKpA1z0VMD4v
13274	7y2YUIyCuVhBidENVT0068
13276	3ibKnFDaa3GhpPGlOUj7ff
13294	1mKXFLRA179hdOWQBwUk9e
13300	11iIeclbEWUhkmLArE9Hr0
13302	30BsewEJZPxfuLNAlZPFje
13314	4aId6eo2ChFruN91wIoP6N
13321	5tz69p7tJuGPeMGwNTxYuV
13323	45aBsnKRWUzhwbcqOJLwfe
13330	1bhUWB0zJMIKr9yVPrkEuI
13338	3l9ro7CSRzMvKxnzogqhNl
13343	0VxocBntP1XTZRsR9ZURPS
13350	7krbSH3rd8lhIZvuzTV3Bl
13352	7hOXjKcVb5mpdqswTrdyMM
13358	3rlpBpSe9ZE8KaW0X9IZ41
13391	04bAMz2gLfi93slAWxthm6
13400	2VxeLyX666F8uXCJ0dZF8B
13402	5AJq1BQcLQJ8iHCHluxEFO
13412	39KG4kom3enSx4GTThuDGt
13418	51wraBsCPN2svE8Ircwmlr
13427	6moU77g9RQyMzHNuKEaQKq
13434	1bufAJtv0Ht1IxuwmveJAa
13440	4CxFN5zON70B3VOPBYbd6P
13446	1HfMVBKM75vxSfsQ5VefZ5
13449	3oEHQmhvFLiE7ZYES0ulzv
13451	6et9xZjgjZxqKNZx8CUQQu
13456	2lBqyCeue1bCd6HCZtKXHu
13463	3CXp4wXGWfnbmP4XQu3Aaw
13467	34KM7sX7JhdjnlNyC1tYHO
13490	6J0xeqjdpsUH0W1YBCmD1L
13537	5vK7di9mZBqB91kodObbn8
13549	58J1l73w3TcdpGqN0n1TiZ
13551	7h6Q1S1SySzPxWblLjMrLv
13553	069deq5woglvUnWok4MqTe
13554	5npLaLy3K064QvAXE6nu7B
13582	0iXYVorRQrpkaR8ExjAhNT
13594	6I7LGK960JPmyiaCNPYDzH
13596	4amcY5vhp2Z40EhNVa2xHl
13598	0GZoB8h0kqXn7XFm4Sj06k
13605	4SoW2opWj7agZONjDg77N3
13611	1t67dq2rMIHytDKJcStZtd
13617	4qxnqB38Ilk0atKmbQ8UB4
13619	2YDKa2IfYICO4nZdagv7Pn
13625	0jqK7sGTLsHPkQrrcrGuKD
13635	4dVYM5ds4vC3HNzcBpExUD
13639	2lT3pVgAD7qvT98NhUg9Rj
13643	5j7kbuuMtOMG2ijUtI7ef9
13647	7IjdIp3WlQtEnN2BXjr7ov
13649	2S5zPHcduyNfdB8dM7PECC
13651	7LJF6AtijSniUJpmZTqKRj
13658	7piw04hPQZ1OHZ9Fq9JOXR
13688	6fcjYy3ZbDrUERS6iHEaeF
13691	1KBWXLSdb28irYtg0OkWsM
13697	2rzuE1Kcz7mNb0xIV9SYmS
13703	2GD8Ia7rtJzfgTIy20TaRI
13708	1ctVRg1JtQR1cRV79ZJi0x
13715	514jDriX7KjRbSn0nX6cqN
13716	27l66jod1fVJnVBecE3dFh
13719	425V6031WixVcKAtn3rhPB
13720	13KETZUAfDjhLMNOKpBzHR
13721	46CiniduyRUQGrdpgrfZ9q
13727	4r7im8h2DTRPvl25YfNyIT
13743	4MjJlPgUYMQjvHOQq0uvOv
13760	2VeYhLJPux6hFXK9pqjGsZ
13765	4JvaioyuAABRA3SXOyHQTn
13769	45jTaRx438cFypr9aFy1BQ
13770	5Yvf4ahxBIsMkQ9PWjSpT8
13771	4mGHy0Fx29rIx8kUz6ax4M
13782	2eJyQI0nr69AtxHsXf5wZj
13784	2ZMHNMMft1Yp6nLPjR4zM9
13798	5g0hXvfKYYZrEdnoCn1QQc
13807	2Mfg9VKNW2txe2gNjIi1Az
13814	6FSM511TqUHUD09nRua1Go
13820	1iTb2vi8Bls7QY6CKL2gj2
13830	1T6K1CSNRFL0wHd0CPygn8
13831	2hSpvEjeA8y2yGcFBCgwHd
13833	7dN52YlyGl6c9tmxdv6zMp
13835	2wVub4MQupJXAp9aAJCzBf
13848	0uukw2CgEIApv4IWAjXrBC
13863	0Y33RMbo7Opl8P7GI9Sjju
13876	3cfOd4CMv2snFaKAnMdnvK
13879	6naxalmIoLFWR0siv8dnQQ
13886	3QkCLRPOYXpKbufMiP9MkT
13903	3TwtrR1yNLY1PMPsrGQpOp
13929	7GZKme55JpmLq3alBDQm11
13932	0Zh3tKIphLOvQux4dA6PFZ
13937	340FrzH0Ji2keVAlX2FJZ5
13947	1u0l8zWpQeMYStFkc2mLD7
13948	4qkrGFb5V8PaI8eBjgrIsu
13953	3iT4vWUWxqsn4hFTkEaJCi
13954	006hfStQk9L7MVT9RcDeva
13971	3APayTEWiUl9Ssep4BOXR2
13977	1NqH3H7CX9ffRcCc7bnKvS
13979	3WsgkhWH001sMkbZVcjreS
13982	3IV4swNduIRunHREK80owz
13987	4aMrJPRZeknLsETWHEVehL
13989	15zHKxTphpFDkENnfm95Vf
13991	2lNoltybKxWyM4lGpflhst
13992	4c457KvkafnHGz6clGYMmz
13993	4l0Mvzj72xxOpRrp6h8nHi
13994	0mN7rRTp46QnM7MpYqWo3G
13998	5DqdesEfbRyOlSS3Tf6c29
14001	0YVmvrELZOKVCfDQ7lYGfD
14003	6AxObuQjAs6rPWyWIoZROV
14004	1IJ2kXcVKw9Of3weornLMo
14006	373xWOgZg8dqc2eVQBhcIO
14007	4BADDikyKGyhudmLVluRAx
14008	7bChqqCXrvwskq0NO2NZIr
14009	0xEW9gPv5wNuS84pXGG3lc
14012	14Q5fIax06m31HReCbtcjw
14013	1HVfwE5BH2CG1Kefo95oEK
14015	1u1VOddnyhB5KKKXQXc3FL
14020	5ILNkYs10RjNdy4eW5rTiq
14025	7A7EjfxYeO3o1qFzpOFiQK
14038	71pdnPwplhMtpcz8UUL4rB
14047	7vIlKSC5fcyNhDBaQyFTxM
14048	1YgcTmeH7KkvWDnawf7mMV
14052	76SXBOtVzOM6z4KmPCg2Rp
14055	2RlTTADilbUTs0CShr9X43
14058	49OaZ0yNoVXOvWYJdugwks
14061	0OuCRmFsvb83Lk9n0K8IQW
14062	0uveffeM3QhQiW4j57DXmJ
14063	6OGvt64YtKNR2YpnVQ9Jd7
14066	3pXF1nA74528Edde4of9CC
14070	0WXct4PcELq8Jh1R4Yhw4W
14075	0sb1KP6jkJ6nCOYIXkuyjr
14081	02TPansZwYWRrDEZn8QbOh
14085	45mGGL3xOLgf6mmpgkrxhN
14139	63cd4JkwGgYJrbOizbfmsp
14302	4OTkgeynnnEAEcXxIhQaa3
14361	4pNT8XTKWb2vhcsqwzdXCT
14436	0ZNrc4kNeQYD9koZ3KvCsy
14490	14PlDNjNh3pXyHXzkhX8n5
14499	6uSSupG4TMu3vW8QgynAB6
14677	5LYwm0eVFzjfMsKTiDlDwZ
14726	4rnwyJPkkkvU6Xo86YMD1X
14772	5Z1xtYz457TnooU00V3eX1
14968	1Tfxi7N3DW4zvAuVjt9g8X
15224	17mWGN90p4BJzxu8AFj7fs
15225	7L3YDa0Fd8pmzpAyu6EKOS
15306	1EaKU4dMbesXXd3BrLCtYG
15805	4at3d5QWnlibMVN75ECDrp
15906	4jQqM4NI79HEcWHUJb8Hvf
15938	5WphWTUIfRe7x8NZss79cY
15940	74r0nwfhQyQ5vPYjDoEuve
15943	5kxddRG1RZaZROadk7iC4D
15951	7dltD9eEX7X1zk8JJ9BS0e
15954	2mKouqwAIdQnMP43zxR89r
15974	3ZFTkvIE7kyPt6Nu3PEa7V
15979	2RqZFOLOnzVmHUX7ZMcaES
15994	4bJ02dcoGEkcSJOhNbx0tp
15996	2mUiyw2DFg4tNgsRkY1NCp
15998	63Yt6XWrGgCyoFyv0yBYzW
16000	2SLZ2rX5773RS16mcqBxG7
16001	3zmBBq2RwdHzqUXZlzNeeq
16008	1tJkic0TURTCXw3rBhYgWu
16010	0vYMzeTmfbnrAhGPRcJqVP
16011	3PtlDRj2jzwDnAfLgvqaSd
16019	1V9k9wtzzK72GJx62Bw9zF
16025	7lNrIF07Ow9ovdJk9ywl31
16028	3BxWKCI06eQ5Od8TY2JBeA
16031	4uNpBIFIpgaDhANecMbm84
16033	7HG1O7uimRLS68gJUjjP1W
16036	0kZnocAcgakb384KIJ9rZ9
16039	14k416suPcOHMZ7HyGWtxh
16047	4HYc74wPEfUAhlQFm4fZHa
16052	3qK8x4GZcIkzTz9JEqvIF5
16055	59dLtGBS26x7kc0rHbaPrq
16062	6N3oYlfZ2RPdjMYdHCRmFS
16068	6NKtO7hYNDtjGFXE858qEk
16069	6BUZX2MNhJs0p13ezYtOLp
16074	2CtaTmkRB7csW9XAZbWHDq
16081	3F18I7LhWKxlf1PytSoTBH
16085	3lBRNqXjPp2j3JMTCXDTNO
16092	6yIjtVtnOBeC8SwdVHzAuF
16093	3pYcGuasNwouukvgQcgo9a
16102	3jkdQNkDTxxXtjSO4l0o1H
16108	12bSMvFw4AboGy5DfYtmgy
16111	6Wt5QBzHp9vdSLAFlvdnDQ
16112	3JV9Hs3iTF4UhTIkN054i4
16124	3dFwpxh2yH7C7p9BGEKLVB
16129	74jMwg2zsFMICzW3Wems6h
16131	5vOFHQASetUp1Q6vIxXNJ9
16134	4hbRj5tucVkLUVoAdJUyRi
16136	0YjYze0euHZDAZlOE7F6k5
16139	4DdaOUTsCqz4cLK3z92oso
16141	7zL9xrz5krsuC6qVNluQQw
16142	3QFmH99wPoNdU2JHwKpajc
16144	4v5kAh2wWyCSuKuhMJK8u6
16145	7aRNccA1RsVl7lD7steC5N
16147	1o0VqR64M85KKmWxz4JEGW
16154	2FSQYGTyk8GTIaiRyAWu74
16155	1NRjLmipYrv39gWoqCl2w2
16157	62cD87SVSewf9mX6D7hHXr
16166	0YXqZGmpYW0frktN8ySl66
16167	53BECDHnV6nKUKtuLtAFMI
16169	39YovPslPCXbFYhlYjsZ2Y
16171	3wjPYlmkLleN3zbGFqGLKU
16175	0HJYzGavqzjiKMmm4F0UZv
16183	5f1KMkKSN08mIY0WrjuEao
16184	6h7PQQIUQSNSAWqRe98MBU
16187	4IeuDGojgSm8L9YeSMNmye
16190	5nZh87PjMhh2hTCWnzfskq
16194	1Mlbd9nq8cSCO3qXySADBm
16198	4N4CHJqFZHyB7SBUuSFu1y
16203	78CTv7ypHvXQlEjXYst2n9
16204	3Y96xd4Ce0J47dcalLrEC8
16208	4faiJXyBflUVVOOE9fxbeg
16209	103fotVvRlMVfM5E1JnLoV
16211	6JaZq3nkVcQTRLqil3RPoe
16219	5IVuqXILoxVWvWEPm82Jxr
16223	5k3VjTwIsOjQ2woGz3Yx71
16225	0pj1IVRbwrFGnjn2FQ22r3
16238	0RmXtDH1cBMGImRrmn5xL6
16239	4Nomj38R7Ds0P8I8orW2Tv
16243	4675yUu8AUbE72T94BkLCD
16245	5f97C4I05VWfoVVfJc3P3q
16249	2tYpVqgV9osW38xeaLKM8r
16255	1A0qqpBZTPWO2H7tyOBqlE
16256	2QsZVnbWVSjKMXK6K3uRBL
16260	1MBM7CyZbwJpVbbZJnHHRg
16262	4RQFyVdJpn87nbz4pUGCRX
16279	6E68HHJ3fbo5vub3NMsBRz
16283	47CnUl6S0pFs4NCWgpEFS4
16285	2xxx3hyrkpFgrGi6iCVx9y
16292	0F7rEdewJ6cSLylOZZpDu7
16308	3CNqo3gYrfexdrtjFmC9he
16309	0I3q5fE6wg7LIfHGngUTnV
16312	2mtbxfirYoXQL9Xfwdsko1
16318	2PGmOOyuv5fokSuXx5ytUv
16322	4YA7nxDtAVE2R1Eryx7uRu
16323	5rb9QrpfcKFHM1EUbSIurX
16327	3FaUH7ZMjW1hv9Jx6MIAIf
16336	6lrRIfQDcikJ5y5DtyZPuJ
16338	0jJNh8Ru3n4xLs3ZqHoo5E
16340	22Iv528hInSnHFjWYSVnq8
16345	10aWGOqSDBqvNzJ9NeKDbK
16347	6SPD3JwwRejBhCDiQAQ4he
16351	0BATGJ28ZHGukmxjV2EWOW
16355	5kWShBA43yNFBzHk7g1Mtd
16358	4789yoeBIsBi6et3z0fyly
16360	6fju5NbZznZRZDfP7mpZ56
16371	6EhWEvgOrOfqMcnuwIkbiL
16372	3D7N5PZIOhRlspR3bo0El7
16377	06iMqWThw4w8fTFyccvOwr
16378	0NVO4KfuTAHrxTwHKKmewD
16394	4cnqxdE2opmhp7MwkvhkAJ
16395	5203pcq3cNteJuOVhIEnt6
16399	6OzCmbmKvXcamW6YhnhT5x
16410	6N8uylpXFOLFLNxiT86k30
16415	5PCJldueshnwqQVjS16543
16418	7k6IzwMGpxnRghE7YosnXT
16426	3pnDFi0rx10G0VCD6Z5bZg
16430	5wy0ct9EW1P1kBxon8UHnN
16436	0zaWQBwkfh9OmK77CiDmRI
16445	5d440TqoT5f6SngvbUsleJ
16448	0mI5eE0IuermT57lb0Szas
16450	5IFCyWplye09HytIP80RCF
16452	4GH72Ahs68rDFT6JDzNjht
16453	2YnYRoIRMMwlcvvFqBE7d3
16455	2ZWVUjTkjpTTgFWY5aNK5w
16456	3lpthDwPDFxaCXPGVqk8qw
16457	4GUTyBhOjf403oUtMFf2jV
16460	1Uo9PEv66GzlJ4RFN54Ya3
16466	7iu0WYLdo4yksKf3seaxzI
16481	1ZNY60Rv5gp8rcEmEUYxh7
16488	1E3uIfbT6A4wbuCZeLeJG8
16489	235PFlMkbjOvRFBYXzizpx
16495	5eGYlmzJm8e25jl31H45CJ
16497	6qEl8WN6jluCFpzufVl38D
16498	7tp3R0dR1Zzzcca40K1tZ6
16514	1F4zGnjrwkeUrFSwOwl6Wj
16537	2nEwamnuBAnhSjYTaowsby
16538	1w09YJ2UvJvCR4q0W44snv
16545	4Mm3eNo7eb6SM5TS6yLvwJ
16546	7MQywXGHEev7JmwwIzMcao
16548	4o4ABOcQEZcS8V8BnNL9jv
16553	6pWzCKTrKrwbUPzY8RLCoP
16555	1vtTEaTl4L3iB2fXZnjJBR
16559	7lkQTp7j815mtUuSO9LFzI
16569	2D0xJmJuNi47Vj11DXa9BR
16578	7LqjznQwfrax7MjQXmxqdQ
16593	4cxMGhkinTocPSVVKWIw0d
16596	07ucxG4N6nTdrSG6c585K0
16598	1QC6VpD6q6TJrl30969QM9
16599	23c9gmiiv7RCu7twft0Mym
16607	2GlATHCDbLW7xq5BE0Bz5g
16609	0WXct4PcELq8Jh1R4Yhw4W
16617	5LN7nWlZCbZTBnskfFKY9z
16618	2vdBo4ALPYbHRUPKgtE5iC
16632	4CMrdHWqic0usIZfTrKoI3
16636	6lzLjIOyWTyTJvk0jraYee
16637	3GCdLUSnKSMJhs4Tj6CV3s
16639	3TOfcOKNuu6ZPZXJie5msH
16640	07egAPsYgrxjkEnZxs1ePJ
16641	47pAbEJir4cGqjwV4Pz1OV
16648	5LIleJbUUgtvYnBW9wfY1W
16651	01JPQ87UHeGysPVwTqMJHK
16664	5nUiz96J8ZSmwoSuL4sGvh
16670	4at3d5QWnlibMVN75ECDrp
16689	29VCeUfeNgOzgWPvEQN9xm
16690	5QTdOvIF2ehBMZpSIIGzIo
16691	52mr2VZIJT9SXCuTgQ7KFC
16699	3pXF1nA74528Edde4of9CC
16700	1qC6px1TOZgQFoTSOFUaBr
16702	4Qxn47gWPSucovKrMyRf1z
16704	78mXeWyY9ZEqOCkTl3nGfI
16705	1axArDrl7n4M3QZMNN0XMs
16707	13kIiNgXiBHbbG9gWitSqO
16708	5PpN5gFDoEO8bCw8P8yKhK
16719	5AKlnLpP3WLwZseNbjquND
16720	7JXZq0JgG2zTrSOAgY8VMC
16721	6pAC6ykvbcetfLl9pMQ97v
16723	7EkiMl81fUHVwpItgtzI4r
16728	43IMaycr34ZR5kS8mlL5hH
16744	0YfNXMKlh46m6aAhHOrmls
16750	5pAbCxt9e3f81lOmjIXwzd
16757	2PouhXteejtIuvfjWvMJYH
16762	2rTnVB1bvwxHtaIl4uVu7f
16771	73FDJgnjt6ZcxoiavN6XrS
16775	0rbnYyj0Zq2pNJSzWqtf4g
16782	0mx2SptsYoBU1fU1xdNWU8
16783	0mTKJnVf6GcujyDr1PZn0Q
16788	6uQzUSCR5DAPx6zgvDpC0M
16789	5UpcTStzXKlMuyzFUzYgki
16792	06emeFpud9yPEOR1fp8Bt6
16796	5JtOjk5smrCjVoSnBOCdp3
16797	48HRkY5Ak4lfYlYNW3xfs9
16799	6JsHgIkMYHcbNtKfsal2Mg
16801	7plCB2Me7DwGhswjEQYwqL
16802	3Cd2aPwP380oDOLypSYBwi
16804	7b2whnkoNAxPrS3NTSOcvy
16805	3X9zix6xsuRI17joCjMVnz
16814	5bvnqVuq7UFl0txSlHpsfS
16815	4otQJBpb8okSeykALR3eCH
16820	2v63nsrBRoEkFZGKaTXA2q
16821	6xW2g0c5uSoa3S6xk9eI4j
16823	7cV0VQRgQFZBfhzf4AOjUO
16827	13dC2sZ3Pjvr4EXPuvU1sy
16832	2sssyogPeYk581LqeMZOQu
16833	3ucRKbRlikYHyoI17gfR0c
16834	6oEVnWKgPqIEPc53OYDNqG
16835	3ibKnFDaa3GhpPGlOUj7ff
16837	5VqKdNoamMXrmRmqVmi9ke
16838	3NAwm9vYQ7tK5UrHRdHcIW
16839	3O2KnxkIWygN2C8GFkNi87
16849	0d8anwJJGti8jE79Y4tXUD
16850	4dxM44QcHvrbTqCtBsNprG
16851	6H3TW6uEe3RxW8CcnXJfq2
16852	57GXPGUYAyKIVo94Iabcm4
16854	5DqdesEfbRyOlSS3Tf6c29
16861	6MO2bfLHKykUgCChFdw91H
16871	6Vdyu21iT8qScU1haSjWUU
16876	3lrkDy6lS8th6H5pBmx0wh
16882	79sYN8CwQMVwA4wNXg1RVt
16884	0JwfrZk5keNp3SYhZn6Wi1
16887	6i8N9GJuFyPDETXMaMNKW5
16900	6uNuT1YKpKjgZOOKiY4Nmf
16903	5rPhugY1JSJCJWIRiniDta
16905	6HUO25AttZZCoKAY0vUVtc
16907	2wBCrtJS3E3TimRZ5MElTI
16917	27aGlicHJKf5QY20looYlR
16918	6n3HGiq4v35D6eFOSwqYuo
16919	7Jpbi0eEG3WGUhScLt5BgA
16923	30VqGu6DoFagQgHiB1hGQt
16940	4BP6mw1OCNVW3XeON1spMn
16945	4IIUaKqGMElZ3rGtuvYlNc
16947	4NYwy0R3NdvORX2B6OZXBT
16949	4t5Zj9I7WDYFaYlSif13lV
16951	48lNiJEM4eEhSIn4Vf80Xd
16960	0UE0RhnRaEYsiYgXpyLoZc
16966	6sHsXIJoEN5JpdkGMQDJxt
16973	3rBec901wnvokK97xjoKlH
16982	6hSjs8T4KVAjGCkyw3sK2w
16984	4ylOLt7XCUxq4UTsh08uF4
16989	5GHXuh69XUrnrMTgDcqJC9
16991	7eA2lLOv4utwso2MAXy00G
16992	3GVb5ng1DzHowIbeDNkNVv
16994	3EvIW2rx7uL8KsdK82d2eX
16996	6zAFHVV4PKSiMNvw80D8qZ
17006	174rZBKJAqD10VBnOjlQQ3
17010	08fhbfRSg7eEH0IZT7pB6a
17019	60XsDSuFcifSmRHVAFSQZy
17025	3j56vfyGrwshtLmT95rfxh
17028	5aWlIXGEDzqQdIDRNxDQVA
17029	030OCtLMrljNhp8OWHBWW3
17031	6XM53PbvlzhuNtJZtpl7RP
17043	3NWrHCwvyII4fTx05PN3IO
17056	5EixKQVHp0uGmx17AbR8J0
17061	6HK4YGOpZr1ost68QP3ul0
17063	40b7f9uWyQq8fqo8rBHFvf
17069	2YaOQzBkhejBu5d4CyGsfS
17071	46HZ8l9wPo9JNsk7dZLamb
17075	24SDeYAeTFda8OUzVI1VR6
17089	7GU4sdexteLwpjIZ36QPFL
17097	2Hd7uGbl8PX0IxyX59VFOg
17098	301KtHr9nGzK5R5IyNVuBu
17101	5zYmGeAGeqM4pA4jb64NHI
17107	2WcPWXOjoDKDVouyyWV8Eq
17109	4aQNjbxTjgHmmIrQbn2AFx
17113	5LZSk6y5ZVFMv9Y85DhzwC
17118	4mtATbfuPfdCXhXWjnRTD7
17119	4L8sddbw6nceYHWOgdcAXf
17137	7z9lRMknTiGUeV2cD7oTy6
17150	1CJy6gqdWLAZ2Q5mLEZkLh
17159	4w9dTbEcJx8uBTxGvUYC0h
17161	6ydWxkzjDktHsTzvWcaZ1i
17165	3LRbalLzZcuvSR6jVnqclh
17175	42QRyJd5x6e2TFR1S41g2p
17190	1WIZiOuNO3woKfdlSK2gNn
17196	7sO5G9EABYOXQKNPNiE9NR
17233	6YffUZJ2R06kyxyK6onezL
17236	4hiNSVDrVkcrd0BrOME3HX
17237	3i1B1PnsfnOQPGVIzhf1lr
17247	73bFsdfGkrakb0tL9DRmY0
17275	67awxiNHNyjMXhVgsHuIrs
17281	08bNPGLD8AhKpnnERrAc6G
17283	6mAz8D1TmlTuef90dbNIiZ
17294	1cTZMwcBJT0Ka3UJPXOeeN
17302	0TCnOEVeLQMXOUrpPlM7uY
17307	2VKf0WEOpq06JE5PTNr9wa
17315	5IaHrVsrferBYDm0bDyABy
17316	2RM4jf1Xa9zPgMGRDiht8O
17343	2tPcTFiQF9MbVUyjZ3zDhA
17349	4kPSFsxAp8Mh3znF45CDlS
17353	2iWEpiPiIPf5D4f2UGBlrZ
17354	3muBQDekYAg7jm6hDu6R0Z
17355	0V1bCU82tmXL8Z11JoRvyg
17358	14PlDNjNh3pXyHXzkhX8n5
17367	7KZ5MMVgBVox9ycroB2UrI
17372	2Yer0p7uB2lVBUAtANuuQp
17377	6e2PtJYcltVk76nLwxBzRn
17386	2dpaYNEQHiRxtZbfNsse99
17393	3zCbbePDsZQJ0iHkqGXSjG
17394	6Yqmv7XJLCrQEauMbPGZSw
17396	4S8d14HvHb70ImctNgVzQQ
17402	2qLGXFIiKqyKZpVX6OmjNC
17413	5cGpjfgAvidLy6znwkCxkP
17414	3wScL5W8H40zzCKN0atfBk
17418	4VUwkH455At9kENOfzTqmF
17421	2qfR91VvO7hRp4IajDT08h
17428	7l3E7lcozEodtVsSTCkcaA
17431	7ATATJztoWLcqDAcVVof0C
17441	4c3g4qvLa0iaotBHodDDvY
17456	1n8wr8tRHs5jmBxNWXedcn
17461	3jGYpYY6jm48GArqKDnuwG
17471	5Zx9VpLotu9aFYqq61NAip
17472	5aXgz1oKK8Q9z9xvTmSnrO
17474	2xbI8Vmyv3TkpTdywpPyNw
17477	3Ol2xnObFdKV9pmRD2t9x8
17483	6uSSupG4TMu3vW8QgynAB6
17484	6Gy7rXB6Ku5vIWC7WGWsl3
17486	6MWtB6iiXyIwun0YzU6DFP
17488	18pwD0HrweX8oCgIkayRb4
17492	3Qu1n0MaKSM8dpHzl6hLpX
17495	79OEIr4J4FHV0O3KrhaXRb
17496	6o79O9qBP3OAkWOXajAQIS
17503	63cd4JkwGgYJrbOizbfmsp
17509	3oh6SCCeLuXhFpEyepla6G
17517	27AHAtAirQapVldIm4c9ZX
17518	2jZESuj23z92RqbooSsMqV
17523	75lRRdjplzfpmBjNzMPyjR
17525	3WdYF0MLo2W9flzksSNS6o
17527	0JDotiqBOKyRVehdpzxgI8
17528	37rKwjBHaZurlyPYy3Nqvz
17531	4INDiWSKvqSKDEu7mh8HFz
17532	58DdltI9V0LtE7STxYgyle
17534	79269Xv0UonMWaGRIRbYk4
17537	1WG3uNOzTWKRwCAfDAlUAW
17542	6mxyfdyF4LD7PctU3UNyjF
17543	7ev8HQ5RrmyzgOH0R05ZY9
17544	5DapnEmRWQyOnR3MFfuvDB
17546	63EgHbw7brQb28WPmuJDAR
17548	4MNv9ThZUE0oYZjx69pbGG
17549	2zzXeIZU8VkOfrdbO7KW2j
17556	7jley98gCQFueQ5MCaFWIb
17559	1vffte5WTHIik37ePfJdo4
17561	6ltPEsP4edATzvinHOzvk2
17563	20LxTsa6936zOlzTWqoPVt
17564	7rp0IP3Dy5pz2XGZ3In5HF
17566	0oXuKhuNkXiZtuoxrdt3Ca
17567	5VUoA3vZUDf1zBFZ7vgSR6
17568	4dUnS17ABGBWiBJYzfxMdN
17569	4AyjKlW7sJ8IPOe4IHcRvK
17571	5siee1e4lz8uF51OokjglA
17574	2LjiPAQOVazT8sRyXL3XRs
17575	4ZOyH6KjomjlqCz3oFqglr
17576	3jVSV60WZE5jPE2a6KGNFy
17578	4i387P9kogblRBfjFi3NaX
17581	0RJWhctsc1G1Hg3Ov2th7x
17586	5x2TDyeeTpf0riUoQDrvsV
17591	0QSjDXqCs85uEcNEUndh6n
17593	423EcxblW9F4nnQkqcqMlK
17603	2eSJflipjhSKLExuSwuFrO
17607	7C86DVl6REN8VPeGEMOf9q
17613	4BggEwLhGfrbrl7JBhC8EC
17623	6HePVKyIeL20JWLVthsU9c
17625	5lc7Ci32jCD5wQoXZXT5lu
17627	78TTtXnFQPzwqlbtbwqN0y
17628	0ftGBKU81CcsYPU453BUaa
17629	32PCjJw8mk1FrJT2FcqRtT
17630	5rRoZWW9Ay91LDX6GMtzyC
17634	61G2UTjb89PhHGgUssVHHz
17638	0W2pm6JHteLIBWLxS6Q7I3
17639	2EAdMSjtpvHog5EGr30ofa
17640	5Pz6tJnrS4VYeSgsHLv8zQ
17641	3wGJ4PFh9ATj2ylGkY4RWg
17645	0JQwE8FEvKffVbgrp3rVYG
17647	3H88o7gziX3VKOItAz4txB
17649	59dGCeRDIW2hImlP5wqlgJ
17651	3ZgfsUNjyCI46ZH12EgbBE
17654	4O5k3ZisFcNByS1ToxXO1Q
17655	3n0JO8qf7FUaVejgYDZR4I
17656	2WWiZ4tkK4WONHxZksr9I0
17658	7Bg5EBxG5hlIPrEZpAYQlc
17660	2oJwGhq9TYfILJrMtuCRro
17661	3APyQyvXmdvYSkPHWVBAiA
17662	4u6AkckvGS2CpdfBVKuN6q
17666	4MCcaTuSN7j6OrcbKiuxS5
17678	72Bz4ciRZPBcVSw0nrZDHi
17679	7kqcudBGM74MXVoYMaoWkC
17681	5Xn4IyTtW6FUGIUyWjbUHG
17699	6R4UyGBckLihSYXAyfI7IH
17704	5sNESr6pQfIhL3krM8CtZn
17710	0jrz4ZQKCsC6h2vzqgHiEp
17711	4LK1zq7x8Xxd7Nc32anUoH
17713	0sNY3XS9Tz1P957KZrQ6GZ
17718	4nva9EpKntUTs6CRSGBCn9
17719	0BBOLOV5JntPL3341swIre
17722	1pzrV4mfFQhIQapuj2aZnp
17725	3wvg3Jpee5NzpSBZhBqFdE
17726	31bf9SEOppLU6lQ85d8om6
17727	4h9TZLHS7AZ30pt5c1o5Em
17728	4y6c5vMzKKM3KsMbHtjKx5
17729	50jzaB4NVS3mO6rRIE7mmm
17732	3bC1ahPIYt1btJzSSEyyrF
17735	0uqPG793dkDDN7sCUJJIVC
17738	0fGh0trRN1xz3s41r7V5ce
17739	5R9a4t5t5O0IsznsrKPVro
17741	1kXmApTm4wonqscYBoLwxj
17747	7GaFYUqP2WdR4KTPk7cXoP
17749	3Gf5nttwcX9aaSQXRWidEZ
17750	5sUlaoVcLPk2Wr695jp6dd
17765	7rFe0uEHuONOTavUfaxEcS
17766	7wZUrN8oemZfsEd1CGkbXE
17770	1FreAz1lmnDi5aKLB6GdFM
17772	7yxwAEwY9LD120AcB4nGJx
17779	20BubhRYSjCIchDA4O9wNK
17781	7qnVizJOlFr3ggbwm3CQK8
17800	5xt3OoGk8PdLImcxbQjiqD
17803	5AAHRAA47XXy86uF0AubA6
17804	503OTo2dSqe7qk76rgsbep
17807	2Ozc0me9PV5vlt8cokwdvI
17811	3WkibOpDF7cQ5xntM1epyf
17817	1BIDPefZTEbCywcTZl6zVY
17818	0R3OnUm6RgIpRFcckCoi0x
17820	71AaGUlQ7I5dRgDEQpdnI4
17823	5i70f6KOnmtRCbutYnLvVC
17824	0iMfAZrgxGf9M2crv0ZoS2
17825	5g30WoqK1Dv5Bnwpusp2vk
17831	2Imq77E6CEJR5TPUxlJvTY
17834	3LcjZGk0GBlPRe5XhYVGgM
17835	19EnyPZhNPbRoCxAuv5pKD
17848	5Qf8EAiFByACnNWkDSiFrd
17851	5csyFWmmFlqKXh3ehjom3H
17863	63FrXif0Pdu4NAPvTh87mw
17865	4hgSYLoxF3I7n6vMpgIj9s
17866	4eSGSqP2TZvvX0kadZZttM
17867	3FxrQ0BkayR5YNsC8C3R1T
17871	3N1p1YDidgHABxyKfG5P6z
17876	4riDfclV7kPDT9D58FpmHd
17899	6QfIzJJ4N6JAOisCusxWgV
17911	5zouq58uwciUTe0rhrwKmc
17912	5erTWXdADowSkh825UUOho
17925	6iPzFPafHG23FomvNwgOLl
17932	1wNEBPo3nsbGCZRryI832I
17933	439X8jGytErRiPnaoUJHju
17937	6nbQjIXWBojmgSMN6iaO6I
17940	08M1S4uwtmPM0jIO1qNyhx
17958	4m0q0xQ2BNl9SCAGKyfiGZ
17963	2WP8G2pdddDmnh1xbfKBOI
17965	0UHB9METy4VCXNgkcGqHqS
17966	6GQ82BpN60dzztUWzYojc7
17968	7jpSvCrFev9EBb5RSmoRTa
17980	5bgwqaRSS3M8WHWruHgSL5
17985	43R6ZE3pEQfP5H0fnnpxAZ
17987	0AtY4uFaYBIl6tAjONkk1Z
17988	4D2Z8yUlhaDD81ubWpcRdt
17989	74bV6EDlAPx3IQWZjpRw82
17990	38ahkZp21r4ta2sJN4Zi88
17991	7DG6lGfy2W2bMstHlXTMSu
17992	1X1y6CQmAejhN8oeFtouje
17994	1CJmTfrlU1d6FtAYNT36wD
17996	6rhUGIxFVgYjGPFsZfwUxL
17997	7yFMhCJOsH7khgpdnyrZAZ
18017	3XnkZylcAZ86QAiGVnRVy8
18021	2JonPpQM16rCfa8ZFrBemE
18029	5oZps6mYqU5s7A4WjUZggJ
18038	6Knv6wdA0luoMUuuoYi2i1
18045	7jUBj3nZfs0dRqr68b4yxy
18047	4iLqG9SeJSnt0cSPICSjxv
18049	6RUKPb4LETWmmr3iAEQktW
18050	0tgVpDi06FyKpA1z0VMD4v
18054	5mMjkxGijQB4JZallYrkOW
18058	3clsCV1f1E9u1Fge9ntulk
18075	7byVvZW3abFyrIcQvBSc1u
18076	2ly1S8RJnGesIuUW5Z4aYv
18088	0FE9t6xYkqWXU2ahLh6D8X
18093	2TKAtr9jXudupwA21eGpiH
18100	4F1dxJ8S8DvNLQVqPN937z
18104	6L9vObgMBYR8fkCsUpopiN
18115	7xHWNBFm6ObGEQPaUxHuKO
18116	2aq3H1aJFxmkL58Uas2DH4
18124	70IIMYxTN9ZwtQMURX4mQQ
18127	6BaCraQ9xeLYg4Sb9TBT2X
18129	0ofbQMrRDsUaVKq2mGLEAb
18135	79z9QkhHePTFsSeVw9uyj0
18166	5y69gQtK33qxb8a24ACkCy
18170	514rhnksEwHUh6LxXsQ4Y9
18174	5bcTCxgc7xVfSaMV3RuVke
18176	12VWzyPDBCc8fqeWCAfNwR
18179	2bL2gyO6kBdLkNSkxXNh6x
18185	5vL0yvddknhGj7IrBc6UTj
18186	5IVuqXILoxVWvWEPm82Jxr
18193	6QfS2wq5sSC1xAJCQsTSlj
18194	78TTtXnFQPzwqlbtbwqN0y
18201	4hQ6UGyWQIGJmHSo0J88JW
18209	1FvOiE8MGWB8MUCAPvro3h
18214	6zTfkjNNQKcGfjJa5cKTkq
18231	6EULnmVFG8BRx5z6l42s70
18237	4Zmgqg3VvsW5rVMsuO7Opz
18242	3SR72eMiFDPIxMJc4587yN
18243	4VC5nFbYO4avKksJ9jN4pY
18246	2GblQ918RbkOs4Yo1Rpkcj
18252	3E7dfMvvCLUddWissuqMwr
18261	6ihL9TjfRjadfEePzXXyVF
18264	7vS3Y0IKjde7Xg85LWIEdP
18272	3oiMJQAWVaxSubJ7b2VUtX
18279	41Fflg7qHiVOD6dEPvsCzO
18282	2oxtQ84p1j5GmyzmD50Lq0
18287	2l8w0zZVn4AZNuzrht7MRT
18288	5s5t0OFg9lIlBFaCI14K1i
18295	42ydLwx4i5V49RXHOozJZq
18302	0AKejOKlGdiB53QpwAeenO
18303	6KuHjfXHkfnIjdmcIvt9r0
18316	70ATI6K6i1TXfRfID7bcN0
18317	50kpGaPAhYJ3sGmk6vplg0
18320	6LtPIXlIzPOTF8vTecYjRe
18321	5knuzwU65gJK7IF5yJsuaW
18322	0SJPThTy7ynySPF4euczx7
18323	6DG2g1UhROp5pnM8fx7zH2
18324	69bp2EbF7Q2rqc5N3ylezZ
18325	5ndfVSDyPq90jaIUhNPeby
18327	3eR23VReFzcdmS7TYCrhCe
18328	4vS8VaBwJJV5Ry7UFIQuoo
18332	0qJwsov9fMLYGoPZOompnI
18341	1rIKgCH4H52lrvDcz50hS8
18343	6naxalmIoLFWR0siv8dnQQ
18344	1DSJNBNhGZCigg9ll5VeZv
18348	0afhq8XCExXpqazXczTSve
18349	3bC1ahPIYt1btJzSSEyyrF
18350	2ACOWPLUe4A4KuQ5ioD2od
18352	580t2NTEMOuCHV1sN3uhyD
18354	5ybJm6GczjQOgTqmJ0BomP
18355	2mfUa8bLs2s5N4VaqJZ4lZ
18364	6E11E0lT5Zy7yb6iT3y8DN
18372	7BKLCZ1jbUBVqRi2FVlTVw
18374	06KyNuuMOX1ROXRhj787tj
18377	5dKyZWlgjWw1oJgLa4GCZD
18382	2NoaaRL9Pe8scI91PJ3PD5
18387	5XsJl0ZlufrT0EVaDDtBLn
18389	76cy1WJvNGJTj78UqeA5zr
18391	33IOhptvC2Qoy2UhjiHXLV
18392	2aibwv5hGXSgw7Yru8IYTO
18393	6SPD3JwwRejBhCDiQAQ4he
18396	1vYh9x8UmFTLbXiizk9Qc5
18404	6UelLqGlWMcVH1E5c4H7lY
18406	6p8FcYD1qR4e3gbunwQjXH
18407	1rgnBhdG2JDFTbYkYRZAku
18408	54bFM56PmE4YLRnqpW6Tha
18414	22LAwLoDA5b4AaGSkg6bKW
18417	3HVWdVOQ0ZA45FuZGSfvns
18420	2oygttOZA8dTFxHevUYGKm
18421	7k4t7uLgtOxPwTpFmtJNTY
18424	7szuecWAPwGoV1e5vGu8tl
18444	1HfMVBKM75vxSfsQ5VefZ5
18445	19pXeFhtttFLDQr3rAjgCl
18446	3yOlyBJuViE2YSGn3nVE1K
18448	463CkQjx2Zk1yXoBuierM9
18450	5WHTFyqSii0lmT9R21abT8
18457	3Z8FwOEN59mRMxDCtb8N0A
18461	3jjujdWJ72nww5eGnfs2E7
18463	07Oz5StQ7GRoygNLaXs2pd
18473	2dpaYNEQHiRxtZbfNsse99
18476	09CtPGIpYB4BrO8qb1RGsF
18477	1PqZKNikSRknHiIsuw0wDn
18479	7qiZfU4dY1lWllzX7mPBI3
18484	3ibKnFDaa3GhpPGlOUj7ff
18485	3Vo4wInECJQuz9BIBMOu8i
18489	24YvUQnuPL8gObCfSnAobH
18493	2VxeLyX666F8uXCJ0dZF8B
18495	5tz69p7tJuGPeMGwNTxYuV
18496	60a0Rd6pjrkxjPbaKzXjfq
18497	5DwWqxlff3SA0EbUrT4IzA
18498	0I3q5fE6wg7LIfHGngUTnV
18511	1AWQoqb9bSvzTjaLralEkT
18516	2xTft6GEZeTyWNpdX94rkf
18518	5ByAIlEEnxYdvpnezg7HTX
18520	7KwZNVEaqikRSBSpyhXK2j
18523	33ZXjLCpiINn8eQIDYEPTD
18524	3ePJkJdZMGp9ahaNmaRM7O
18525	4AKRYDror3CkKVc7QscUng
18528	4h2AD6esTjoeLAwptAdC2n
18531	14EovNWdYSuO0AhluGEtPS
18533	6F8PrqWaLDI3BeMLUWBLab
18535	1WG3uNOzTWKRwCAfDAlUAW
18537	68pWLkspLFIfIPPtzyTkQy
18538	6ltPEsP4edATzvinHOzvk2
18541	4675yUu8AUbE72T94BkLCD
18542	5XhkV07Vou38wnrzwURUOC
18546	4YA7nxDtAVE2R1Eryx7uRu
18552	3jagJCUbdqhDSPuxP8cAqF
18554	5WphWTUIfRe7x8NZss79cY
18560	5x2TDyeeTpf0riUoQDrvsV
18564	0iFOG4Ki9aDmJUYUFHQlPG
18565	0e42i89bY2NmPuVDtey8pg
18567	7zL9xrz5krsuC6qVNluQQw
18569	3sckKKIx96cjPXtiqPHCTB
18570	3pYcGuasNwouukvgQcgo9a
18577	6pbCkvCENw0suVGr4Ckkae
18578	1lzr43nnXAijIGYnCT8M8H
18580	5IVuqXILoxVWvWEPm82Jxr
18583	0CPLnPUUHh44vAzDSM5ZlR
18586	0KQx6HOpJueiSkztcS0r7D
18587	2mKouqwAIdQnMP43zxR89r
18589	5tKbrFMvQJlG1reK5aDmkc
18591	0r2Bul2NuCViraT2zX1l5j
18596	3J6vrRMz6EfwH2sgYiyNhc
18597	69gRFGOWY9OMpFJgFol1u0
18600	2wGSgTmgSF3xjRrHkTc25R
18604	6mxyfdyF4LD7PctU3UNyjF
18606	3jVSV60WZE5jPE2a6KGNFy
18607	0vYMzeTmfbnrAhGPRcJqVP
18610	4xAk8Lw82G3YoVSOdVAsBx
18614	7k6IzwMGpxnRghE7YosnXT
18621	1oTHteQbmJw15rPxPVXUTv
18623	5PQmSHzWnlgG4EBuIqjac2
18625	3NGT0Td7H4Is1qrlDQJxma
18627	1rrK53FJENK8B9sPXm9aqn
18630	1RZwfy4hD9ixk4XcIQpyW1
18631	2yr2HnFYl7XvqJk4fXoQBt
18632	3ldG6XCLDXxWg1N6XhrSKo
18634	3gCkStZBiwRS4SW2kkG5Cb
18635	2Ozc0me9PV5vlt8cokwdvI
18636	4PmMVdIFpJTB9WQbmILf4p
18658	2PieESXphabz5AkALFS08X
18691	2kSLSHgrwyvZuI71wLTomo
18692	1vup3vAmSmFLxSIzGOM38V
18694	73Qxi49EghssOOQkoI7q4e
18715	0xiqytHGhEf81aK1oSBmc3
18716	4AH8GJVosfrbfhe5NVTAnx
18729	3b0tvkTkszyK6JrJj9HuwF
18730	5hYEaLnayI7QbBV9vXyu5Y
18732	4z8N08FaYz0APyea04QCqs
18733	53GyUog0e8fbctqyJieLS2
18735	7kF3pqmT3wAYq8m8HsGoOB
18740	4uQ7wYsuL0DryknoDc11Hk
18745	2KrkWcSP0oFWBUZzvj9KjS
18749	7lT1dCz96jANsLAAADlfIg
18750	25kGNSv0yGXZKaC79xzrvg
18752	78vSlq4iQCEqjcyOsBUL9x
18753	12OkZyDWNBLUqoReoseGrc
18760	6zgHvSLoF32OdolIIc1uGu
18765	4pNT8XTKWb2vhcsqwzdXCT
18768	24TUPoKOVqKT1hZHV63FUV
18769	7dFGkZbmm6cVlI28bfMaWE
18772	23bOfmnZiN42pB1frXNyak
18773	4QZxGuNnoAth7qxzVOd3oR
18803	5NhlpQ6BOIz3S5welptk1W
18822	6yIjtVtnOBeC8SwdVHzAuF
18823	2dxjKgT0li4qBI3QwuN9Ih
18831	5mexbTuWx9d8DPZk4sDGF4
18833	0shSP8DgseLewHgAiMC4UL
18843	08lGoV8dJpHP0rBBdSVu7v
18845	6bj59RmRmJMrBoqeo02vXK
18849	4iIiKfpLz5tEmNWw2Mxqke
18850	4FcGl2MyLVaFnudB1daMUp
18852	7ibARgSANYCFH650CygfK5
18856	6axRpFl0s82PfwsNBASrw0
18857	2ECYtCiyC3zLvFTybWv75p
18858	736y1ZQptSw5iaMkbmvu9X
18859	5eV0XIpuWFS8H7OYDDxA4E
18860	3HCzj965m8Fz2E8wZkir6q
18866	3gRlmtdCyNoKiyozn2pqc9
18867	3geOxrDcoeBg522CPGCYvz
18870	18bsblFzs3PgmtFsuFLkSD
18872	4tEaytMs86hIaOSsiGoLcP
18873	6GAemDMWAXa8wZOBkO1gar
18874	4HfxDJ0uLHTLe0fZrx0MbQ
18875	32WDVNZXIAuu7EqncTTKjH
18876	6FI3RJ58Ztl0X1VtA6pVs9
18878	5VEKqp658KuE7uIgTQDyVT
18879	3l30bDO9Kn2XJ9H2azq5PY
18880	0PukerHwImpQ2axWQEV1WQ
18881	1LuvccUiy1j9y8hpPBzQNh
18882	4cn8HUXDONkLgv68xxtgCx
18883	403jySy271rKdvt5HNJaJf
18884	2MAaiV0bbeq4FpSwPe2rR8
18886	3Ti0GdlrotgwsAVBBugv0I
18897	2B7hM098uEDiLJqTsUY4Ba
18899	2vfvGlqCB7oertO5VLE0sz
18904	3sQDstyMhCcDJ3mY6onZez
18909	4EcwMZC5srOdOVUTIkQWkW
18914	24vNw0Z0srb4zYXwrakw8E
18916	5XLC8xoqyua4U7wJiZAWik
18917	1Sgj10byiGzPpI2IrXSFEn
18919	3ABG1UQTk0eLYUAeWkmfMi
18920	7N1Vjtzr1lmmCW9iasQ8YO
18923	5LZ4d69L4TK8hVyh2q7YEJ
18926	1fZuel2AbnvtOj7BYLEo7L
18927	3DPp5qoKdWDqOLHFj7iXVB
18937	1xIxMz1sNQ4b6svH1GuTtF
18938	2bXI4Rbw1D7aVeHWLjn1Lb
18941	3bOvAqhaZNSWpGVIvHEx8B
18944	2Uvwc7D5rhphlzfBDnpYpU
18947	0Z2J91b2iTGLVTZC4fKgxf
18949	5e7ldn9Kwo8Aw9Z8ql9cDj
18951	4voEoczU7Ijborps9XF1n3
18952	7sPt2cfrg7DrVP52zfvS1i
18953	12CdB878c6n94tTlNfPcCv
18955	4YtoipFgf4k0AfD17ZfD5X
18956	6KIKRz9eSTXdNsGUnomdtW
18957	5n8Aro6j1bEGIy7Tpo7FV7
18959	7a8QggRN3kbtoAZww6zku3
18965	4E8P0zL3epUqp2YsAHHxKc
18966	7nYvUtkQMx1v80S2FH2s9J
18971	2qq0RYYIuQxXcOxQKN0drC
18972	5EGWLtIZ5M1g1nU1SdQ5PY
18974	0bYp5kKGmbRHXPWYkAgBTL
18976	5qxChyzKLEyoPJ5qGrdurN
18988	20I1Mickm2w7qGxk7uzOKr
18991	30oTS7bm0aH3p7lqjEIu8q
18999	7vcepKD1pjulQvPOkiQmUe
19000	3lGBvPUgO7MJltUnBlOpe9
19001	0qa61a11y8VvXD55YqLMMc
19002	18RzOVoUefUG47NviEiX8A
19003	3ZXzzBuqqKNw6tdYHh6jts
19005	1CNvz3a8C4t9Ex2fedcu4n
19006	2CQtSUeIoUImEe3wZMvttI
19007	1oplJrCD8UwXImOnQh0B2H
19009	4F69LVvV9fWsMRLUGz8C4f
19012	0OzPUCbMXT1XhnMIDURbSX
19015	4ENy0Hz7IsSf8lDz3to3FH
19024	27AHAtAirQapVldIm4c9ZX
19028	60WcXjimfbhk6T0gj1Eufg
19029	56hyMlVcfBJIBgSmmZM3qE
19031	20XdEFyaUR9C7aDIdq2OAd
19033	3jDdpx9PMlfMBS5tOBHFm9
19034	2jZwdqANNHX5EskdHsngs0
19039	6ZY0O4Rl7MzWAACkdAcMKQ
19042	4ZLNj4Zlp6XZ3WAVpPQEnq
19045	20LxTsa6936zOlzTWqoPVt
19055	3LklW07tvdx2AHsgfi1Mng
19056	6YYd5MLpu45J0uLrMdivF7
19059	0uEp9E98JB5awlA084uaIg
19060	0WKYRFtH6KKbaNWjsxqm70
19068	0vcC1PkohHTpqLHWkKc7C9
19070	3udZ73zS3c0eiXqtrtUHXX
19072	0shAFLY8DIPuKbiFS8RqQP
19073	3vYxoh9Y7L5Tdr0mhaAaUu
19081	1jRzdY7oUBOhrylNtiMtBD
19082	1zzxoZVylsna2BQB65Ppcb
19084	530J9GupahE2O4a1iVkQxB
19085	2pRyjmTGkz5i8xemOtJ7pG
19086	1J2tfINpEHRhCP8CUS15lE
19087	3fatX7w8Wt9nmwGlXZsRFh
19089	1zONdCQrEJ4t3mlzKQADEN
19091	4F4neui0edP1ozygvFiCi7
19092	0301nLjG0ti26rx5ZmfqtP
19094	71XhXay6rKPZCVAaDtFlSR
19105	0LWkaEyQRkF0XAms8Bg1fC
19115	6h5IlvRJ2ZNPloCOdzUmyW
19117	2P8KBF5BtraQiGpxDXrCnF
19118	6JMIaVMbh5emijDiBODgit
19142	67awxiNHNyjMXhVgsHuIrs
19143	35x6JdLCr4VWWR5ShNoAWo
19145	42OhQBFNIbMyxRGxyPOvQA
19147	16LnNR25rqcvQVNv5UEQ7g
19164	0dNiLb9FEHrRK7VFDJctiR
19169	49kmDZc1NYAFxR3TrLDJLU
19170	6i4Gu9ogL4kClgBzj3NZ6g
19178	0eEXcw3JLVXcRxYrVYMy68
19179	5YTM7OgQDt9EJAYcfHLniJ
19185	3sQ8aCVA5Bsw7WHa7XpDWr
19186	2fT9Y3qHsuUzsE1Z8MErCj
19192	3F3R4uyTMkX9jRCEVVmdz6
19194	7aRGb3vZGMLNpK2PEdUjdA
19197	22wKQbMH8n7wZfso2VcLJL
19202	4nva9EpKntUTs6CRSGBCn9
19204	6WLTmiz0i2R938j1KMcSVk
19206	1xMPwgmLHVXkIFYL0rvGiZ
19211	6QRwT0bcuIsLGRCqMDJrVR
19217	5hLAvGak6o4xLKNbTmh2fp
19218	4fmzMxr135mcvD6AGIs1mO
19231	4h8jlFuIYJJRhpQm9CqLwT
19232	0BEIdPXZsO2pprPwKfTVjy
19236	6aGNg25mRJdqd318f9X6Wn
19238	4osgfFTICMkcGbbigdsa53
19245	203xmWRHAyqwW6AkGkhhVM
19253	6Xk7PnitV9jCRorWt2LiVZ
19260	1pOIpxfrQ8AszXZdKR3aH3
19261	5v1rBJ5HxZ7YhSSIuvW44K
19263	646crO6DWxN1VmBBNkKdWi
19267	0o2gpXpPpLZkleuroB4scD
19278	1GS9WWgNkqhR45YcdGPnBW
19281	5v9isbe4BHsWc9N25MmWfj
19285	63BokRfXSQhEU6Qi2dSJpZ
19293	3voxsfqnGr9V74jkkzPhXC
19294	04fX3oTJm5Zucg3Uf9aix0
19297	62vpWI1CHwFy7tMIcSStl8
19305	7mjJ4gOLoTwf5eIvy6R0VO
19318	14I61w6cyYUHiV2n28IYdP
19323	0GaBIpyHvytM1UBYmqXu08
19324	5IZc3KIVFhjzJ0L2kiXzUl
19341	5jNrszQHRIVKmS9Ptb63pe
19355	267ZRvvVgsGPevJuvEGyug
19356	7GPstnufSTScEaw9dMxO9H
19361	22EbvbXnPwpF9lQtdJG61C
19365	3pXF1nA74528Edde4of9CC
19369	63m5If0k65YQytMcT91JZI
19370	5zrZHMklhOXABpnBl0EMBN
19372	5YNxFyvOD52PfaZhdhHnED
19383	5NQbUaeTEOGdD6hHcre0dZ
19386	7lL3MvFWFFSD25pBz72Agj
19388	3gY6tiCNsuVi6s8kPV6aQg
19395	5DWlblna0iBMpTvo5cXzdK
19402	7rRSWai8dKCegNY2eHUJ1x
19403	0UE0RhnRaEYsiYgXpyLoZc
19406	6B3X1NsX6mOavoqiBm5Ijp
19415	0GmhAVyyHwaX6jfCbPmaoB
19417	3JJU9BP2zRFdXpVA7r0gby
19418	2g4SumkFZpHOypfF5xng9Z
19424	1p52w0pwaw5PDFm4sPog96
19425	61VlApj8p2ZaP0WTunTrKT
19426	2NeHnSFnwNp1Z5WYgcjJ8L
19428	7IwURvEfVcdxUCjLKUu6sv
19440	1Ora7FZJR5xWId7upB1dlo
19445	0WKXWF3QqHq6R6LqiF57vu
19448	63eqzh8NNPnxJLzuUCibTZ
19449	6NLLIPKjqFRnbCorRNTEHe
19457	0dgdXBWLJTPXr5ZgJ2N4SA
19459	1l6aaDmTpYDceBtTEIjfLI
19466	0bXpmJyHHYPk6QBFj25bYF
19472	6XMJJGQ6gksbWOEzF2UpVO
19473	3uOM0nNQiWDP1oUnjCSax3
19474	0F1DQ2uVP823zh96gm6AUI
19482	04h2uFDF3Ewr7orA6EDbQ3
19488	5ACkknqH2GcrVtmBB7LaRv
19493	0cQTTt9W487gf2kzfUumTM
19500	4kqhEM2RZxbegGH0qvssY4
19505	54bP8SJ4fMH0u7olsaKuV1
19509	7ksRhRXztNfSwm8W7uFq1f
19515	6rZssCJPEdQnyeEdNLKsr8
19534	3mA0mD8XdDg1sqp6OrJCD5
19536	3KH1kmD5mYQxyeHLoebQTF
19537	3A0hoy41ilBIttiuTMA2RX
19538	0RrehfPJXOIIpIYFqdNJaa
19541	2laqT2P4ecSs52ScoxqnYH
19553	7bPLo5Fv7h15E2fW3g1mVQ
19563	5NqQXBoJUEBVJUV57wiqim
19574	7oPnZNl1acGA7ELxsNirrR
19575	5lnsCyEKWofnC00U4Ax0ti
19576	5XzmZjXhMjDHr7ZfJ6DELQ
19590	33i3xxHB4YSYGYbtJrwwO8
19605	4zbb4mISfck5isCpFsjsr3
19619	1heFl7oWexOz1jGrUJS92K
19627	2twJgj3NOH8zHYxsMiIxeQ
19635	4kVxStqN7DeoZje5aidAn3
19662	2kBHv0gFA2iheTUXmPB9e1
19672	7dZAPeA3Of5j5Vaef0DQ6M
19737	5jAvbp8kEnRPToi4Bzcvzt
19774	3XQbLWXdJOMzTJ3gFbL76y
19792	2fiEhRtZzh480MuKScqr8W
19803	688QpQAwqsLdBR6lr13wK1
19812	70We9AqHenA4jcmXmKzJnZ
19829	21PmKbhk8SsEgIEfDCDjvw
19839	4cxMGhkinTocPSVVKWIw0d
19856	5IaHrVsrferBYDm0bDyABy
19866	4RVbK6cV0VqWdpCDcx3hiT
19874	3ZU5CGbcoCygVuWYDyjIHq
19879	7dltD9eEX7X1zk8JJ9BS0e
19882	36ONiya0OANYknz0GgJmwB
19884	1265N14L1xyzKNr5XZzuTP
19901	4ESiKhFCTWdK7xRVy7l8yN
19904	4ytQeKjRHkcBuiJC2GMbe3
19908	2EieK2FUAxikMgLoTSZu51
19910	0x60P5taxdI5pcGbqbap6S
19913	0UmdkPmDWIqzGHnTX1Mogg
19915	5e5hRYVA6SatSjvDiq9WXs
19939	20DtgRNgTH7SdwPL1tjEr1
19944	6olUplztLFFfU7fMYmFXOP
19947	6IpvkngH89cA3hhPC84Leg
19951	2WfY2W1dGfBa6oAFQyGrI5
19958	3PcrNUFsSYnkJJNE6roBKl
19962	6rDaCGqcQB1urhpCrrD599
19969	2mssuAa5xshIx2c06p1c2F
19996	5cGpjfgAvidLy6znwkCxkP
20003	0VSXnJqQkwuH2ei1nOQ1nu
20009	0KTvHwi5cDdZh86cpZztfu
20013	0PV1TFUMTBrDETzW6KQulB
20015	4k9EkhkFZY8Bk41Qi0Ob7P
20016	63xdwScd1Ai1GigAwQxE8y
20017	1i7tKveM6Wo3dG31c5OwAL
20024	1VzhfMEGIIkn5hFITMJzW1
20025	2eNSieyqDoZMa3yOSagR4q
20032	5iAyI5SlSs1hyWOQeBXvab
20044	6bXOlIfGIWh7Tyn4oyvLQW
20048	41YrEBYeFM6fYf1ygakTlm
20054	5JgtpvAwQettRcIIcLRAA4
20060	0YvyR6uf4l3czTKaQiP7hV
20067	0iLfMB2S2ilazjeFH91NiT
20074	6fv8qrWMteFmNGzU6Jo0E4
20081	74dSnisQPDjL5Sjd6MEjX6
20082	4AE7Lj39VnSZNOmGH2iZaq
20087	6vcSvl00zyDwgtdPxhX1OL
20089	2uWMj52ImAeeGQFJmVlU5H
20090	5Pcrqu7vcT231wJhOV31al
20091	45SaO3LHZfHZFZbVyAHOCG
20096	2sXaZphe2LlqAyZVKvHbU1
20099	2wS1PObRyCywHdmog5eOWW
20101	3uJ8zHRASayItvcSRh8TIm
20107	6l3Bcu6R6Nx3h25l87gV5c
20110	1ZYQ5epbKKQ6gj41oPxtxW
20111	1ZlUAAR5De4J5r4g8r8gvb
20116	3hLQMwqFvezDC7dOFYOouJ
20118	0FMMLKHb74VB0H5u2fP6xo
20120	4YbCZSeX3QhpEyQE5KAtio
20127	7kQ0miyexmevMwUDqTomIN
20135	3GXSywNvYLAVUCtjMHkKDh
20142	7rbECVPkY5UODxoOUVKZnA
20149	5TxRUOsGeWeRl3xOML59Ai
20150	4TqIFuI791XMQoWsMj3XFF
20152	1P3eYnB5KiF4S2qZ7iQnOP
20153	6wqt7M2wbw2XWAtCqqAfmA
20155	10nbIPV2SRLqEjIpvS8CVb
20158	0U08ur5KbLI9irrq9SRMdK
20161	0c0EeT3V5P4RmeZHVWBJnh
20163	7KZ5MMVgBVox9ycroB2UrI
20173	4fcHmmWej7PeNqw0GWarmX
20175	5itzep0nGnq7hxCfFNsTIR
20177	3i41IyAffrHvFDmoic9sMv
20180	5lw8Mgb4LyhriPIC86gV6e
20191	3rDSYhnTitavlnZnc22siJ
20202	4PDvFyW8sYdEv38JdSkQ7E
20204	6S7JYWOfGE5Sk3L9cAlATH
20208	1p2IlA7UbxNYenX9uE72V9
20217	4U5ovGD4My7MOISvUEtYaf
20223	3JWiDGQX2eTlFvKj3Yssj3
20244	0y60itmpH0aPKsFiGxmtnh
20263	2p9sprAX27D6U5cuSE9NsM
20274	4rhr8LgQoPtWkQaXVPSNOO
20280	6HK4YGOpZr1ost68QP3ul0
20294	3ernkvxpkWap60SeadSqGL
20304	3jHdKaLCkuNEkWcLVmQPCX
20318	7oeWitA7Lu8O76NrmhfgZ8
20321	3PEwQ1uaMwg0ehoTeVm7Yq
20328	4zUhfdQFzd4Id4Ty2XDNiz
20331	1LcbZd2jYgxL0H1LUBr0c9
20334	3wYRLYuO1M88d8woWUIxct
20337	4MQIDIQjNWkUvpXe5Je7TO
20342	2IhtdzQ6JKAlYteLzT4q4z
20345	7KnQQZyjpjTbe90vXPD4fe
20360	15HgR9Ht4obJOcMG4wregp
20382	1hnbhzmnq1Kz85VCWqeBph
20384	0bY6SdYZcid3fzp7im837v
20390	6bvV5L5afKykg819xAIJWt
20395	0s9COZY8wLOadAzbHka2GO
20396	3vkJQv4A2LPtVQYJbWhIQ0
20399	671sDyeE398eD0sdGuVbZU
20401	4at3d5QWnlibMVN75ECDrp
20416	12Lemsk6c6ohm9afZxYUBz
20418	2gABnPYOMsyxThmsOQ4uWK
20439	3aWX8DMLmQCOGx6cHMPr6V
20440	1gFovJQ7w2We3AoU3ybhzU
20451	3to5UxKsozb4T6CfwHuhLJ
20454	2fClGossFdEdhjjeYceaN7
20469	4aOOExMBUyxKnEYb39SrTg
20476	3fKdTr6Uv8HTb92Ih3QWxa
20481	5R1WTY85gge1Ggd5rTMUJK
20483	409qeWve1NEa9hkbrTjaUo
20492	7sZCAHP2duHwr5M5K7lHsb
20501	1H7KnK26kc1YyellpbINEn
20503	340K7rGGh4wWbzTlUebHGs
20508	32sBVB5HmrwJ6e9g0S2BRL
20510	2kRnOLVglBlwx5XZI7X1uQ
20525	5l10joOI6MV5yiG5XBBKmp
20526	0hKr166QnNZ0a37G4UO0VY
20527	49b4GsA6679qvRgjPh83xe
20535	6lp6YWBzpPj1oaGZiTD5x2
20538	4LcmIm9sFuC3m2VjhGn84N
20542	3f1ChZHm6v4KdUaEW5y5qd
20551	4Ml78attuNrvTjf56HPmCr
20554	0PDGCtMLGQ6zbKMMuqltuY
20561	0QZkqy0yPdZ4KR8mroQ8CN
20564	3j90M2EXsgA9deko3Z1fP1
20568	5unLExF3iiG3YkU11u6wFO
20579	3NHfaIO3ELy1nm9tpMwzp9
20591	5BC50dLe7dZKVc3gPvJRx9
20592	0f1yzIIGD8k32DNVeEn6jb
20606	3kBofOTKMUZ62a311eUwvx
20607	0PY7hkxiwp1tqGD8IBB1W1
20611	7lx9RSiyw4fzdBQ6tbeLxo
20616	7aUyoBq5hL3qbLgM1KE2ro
20617	6nz35DNIzbtj5ztpDEcW1j
20620	4N0K3GK3pTMfUPCx7QMMTw
20621	6uPiwflk7x3PSYwGJDr8nR
20633	13QU1ThhwiGzPfwUFcylxr
20634	7gNYGnojVbmk6SYRfWA7H2
20635	6S5SJlNXgrUBTLa58NMwGk
20638	65iyI1iybyv5ecsfBHSdUf
20646	23or0MrIRJCxCCqjK2Q9Od
20647	4s0o8TJHfX9LLHa0umnOzT
20649	0JFBf2PloRfMkPg5DjXhDx
20650	1AdyugBSC2oOmBIwmpxtQ6
20651	4wseRLZqlHX0svfp0btZD5
20653	29SQc0rWYpWyMWy5juXx04
20654	4z3x73OqkRMTm5vG8MyCpg
20657	22etQv0qPgcTGSLFz70945
20663	7c9rak8KYDwQnW6S6ytZTc
20665	4EgChAV0XEXYC0EjLSqpZz
20671	5HLo8WWZ089LwXXawdiD2t
20673	2cGJxXXIBrxMhk2fWUJTLs
20674	50UkypyQJbSQLaXHke5Yep
20675	4xh98RD1TjVR4nHa47iH72
20681	68Dn0JWMUBcc7iq7CAeWZ9
20690	1hzJQIkgXwZevaKsc7iA6D
20691	0KbIwqCAHmXWu7hrszXY6j
20692	5gvvxVAhrUGkpLBHhtdDAa
20693	3fN3OQIymbXfYkCWIAycqo
20695	5CWyE2OcZI1HVnHBh4RrKF
20697	5osSw3tL07Tuid7AWsvYcc
20700	6pxHmD7DAg5FFkdz9xjSrr
20701	46Bm6sh2zZRXdBON5QIzIu
20702	4hXDobvUaXyDFLnmecoY0z
20703	7sO5G9EABYOXQKNPNiE9NR
20705	5stZnlPMYz3Ba8Hbo3ajlP
20706	1RPhSs2lDYKjDsELKtPvQd
20708	6mZcNu9i8uhOYMiEAyEx81
20709	69bHJ9qs5FrUJbKP8xU8uZ
20710	3JV9Hs3iTF4UhTIkN054i4
20713	0B2ZuTLZnWQ6gz8RlNwBu1
20714	7xYnUQigPoIDAMPVK79NEq
20716	5Zu4UO0QlderRYNPFkbJeO
20718	0BcRCrNiu9TXVnbSRu0EhN
20719	3B6Jb1uggKkX29PC7TSW7G
20722	6iajHa34cSiD5s42Cq9miJ
20732	4J8UZ1cjDKHdTZZiz2xQkp
20741	6TE2eFTDmfYOj3DpeQV5lD
20747	2bmxx16hNi3W5FGzfFO9xX
20753	73O9v8C8qirMBYFd5nVSh7
20754	30KGtFjHhlT3JMX5s4IklU
20761	4hH69Z2SGvKr702d2guLIt
20766	42C9YmmOF7PkiHWpulxzcq
20768	4cSbIUUWJTysr1meG85dai
20769	738F0QEfvGizPNmQzyGb95
20773	5f7F8ovtEmFzOdyN5fTOKl
20774	3B6WDceNe6lUQnczntRIuf
20778	7KgjOknEu6uJZbTJzoM76u
20780	5jjAUXUCyOP6Ra0whgpwf4
20787	79hH8RuVS9af6ixS97wREx
20789	2RsXDjlhJd8sylorcY4r0o
20793	1Mdr3cfSWhohROIDWFHZKX
20797	4anqYZt4APNlFwQixpbdZR
20798	0iIZ1fqdUIfcE8CIndhlDD
20801	0EJnqfBOMWMbAiV3g8jaKr
20802	5Ytgu3vZgh8OsYeII61vF4
20803	6JeNcjFXvc2pjUMgRtuosy
20805	6nwAubYnLGl7F7cDuOoVLp
20811	79sM5tBIBJascGwZWLN2fM
20812	2Mb3zpobD0CvJGWv6NpsPy
20814	6vBMMa2erexusV4XrgXea9
20815	0lqKrmXUgswg8JarLKs89l
20816	2JwpLzz2K2Wwl77JhmLSdt
20818	24M44x9vVlOlXipjJJcAY7
20822	5zjY6rqX3VziYmSdZpU6YJ
20823	69Y1HcsqHaqEWLQwbWwgXW
20831	5Sm1X46tna50RstHZvw072
20832	6YjKAkDYmlasMqYw73iB0w
20835	3iyZRwIGmyXvdZMoxOlur7
20836	6QdVBqkKNUqCqercvUHMkP
20843	3GanhBs1s2u4AFewYFfxkf
20849	7lPJ5PrQnQRurUZIzMCQib
20852	6Uq5Vi8UmZGzGIicjkkz64
20856	6OfhPvR04FaqUwDFyEV9Iy
20859	1EM23A621Z0QyTlWKu7T1l
20860	5vxsVuhiPQ9KEcfFesfV15
20861	0iEB2bVl2cGNDn923DtUPY
20863	0gy31GCYPrNMekrTLvPBMP
20865	6ViMQO2d74RvB76LJuHW6F
20867	1NHwvBmrUje4L1dxfWnXCH
20868	6lrRIfQDcikJ5y5DtyZPuJ
20870	2CtCwQhY0ZLvr8L2l8Bo6e
20874	1qH0QgsNRrN8aaNzz8tlxP
20875	6WEPaugxtrzvdzbSXGqEZM
20877	4xUja6Q8XHPT6O1mGkhAls
20880	3hbHVdyA6cyVUBBLQ0RbUU
20881	2amEGukf72WmlPCXujlRgl
20883	5xXL4i9L2ZbKBtENNh8fWY
20889	1aBXNJsLuOeo6ZIeNRkbRc
20891	37zQVgP3aTLKNvluXLB5Ii
20892	0daXbBC4Vjpq9t64ggpOuW
20898	0W2mz7mvaBaEsC4rmoRNPn
20899	1E6LJzuDzjYJDsPy2OmbEl
20900	2nCVH8UkoII2jWwx6SYVso
20904	2YlvHjDb4Tyxl4A1IcDhAe
20910	37TnoxURMwHQsJ0mhdDF0a
20911	1ERnewoJ2SVCdJzJaloDqV
20915	5jPKqez3reuOTaqt8xMFa9
20916	20w3QWEfRVTgZArPeWrqpE
20917	5onGESUxi3P9xLt311oS59
20919	1GKkkhwzNDJb9L6ZpXBBGe
20921	478XchTJwB83IdPRtCp3t6
20927	0cqscVPC98oDhN2ribIdkt
20928	2cVII4HKFu6Y4NwO1t0h8e
20929	0xfKU6rTBoSEIk8MIHDQWN
20930	30udk0wRASd4F30kcAbD11
20932	17UhBALqErqzf5EUrN9bnV
20934	30Q3Aeb1Cl9NnwSBoB1hca
20935	0jF8LPj88s1yiWFRDJKIml
20936	6YVQ2SiAAwDwMmnqZN4IoF
20937	1GJTPtRLaBVxIhZwRCn4UI
20938	5Q6DfKbpHjxdLMJmkenYKo
20939	0TCXBtR33qJs3EQFEpsxSP
20940	3IKu3EEoUWNAOCjGdjODVy
20948	7bMG7txwqLOFXGTygaybzz
20949	6vSmfVyxYCm6D1VVXp2knn
20954	1ZYq2RVDEht5fuLUomK03I
20955	08oolgtQ3uYjZDXNK1VCC6
20959	6EhWEvgOrOfqMcnuwIkbiL
20962	2EjmZRpJuEVp9QzVlDQGW4
20966	7LqjznQwfrax7MjQXmxqdQ
20980	3uy8AnMNP7OEE4FihqSUZD
20981	40A3q6WsVFerWUFIiB9CQz
20982	0E2DilWYUmaJTRGhbklC4d
20991	2LURsRSTN5mGJB9jLZKYwo
20994	3QzAOrNlsabgbMwlZt7TAY
20995	4h0QQdrUaJjxSOrOjZQbz0
20996	2UppTDnqRpxUOp0FwA7yj2
20998	4qo0aBXSAj5WaXzpKzcXWj
21001	4cR0PzZB7XL2zIy17aNcTC
21005	1TFpPyceToWVSsxbkA8ChI
21011	73PCXcQrZD4ex4QPMKoMK2
21012	1jrQ9i1ydVHmgi5XOZdHrB
21022	6POE7KXN1KzMGeAWlFeCB3
21026	6MszGZxe52sc4owTmjp0O9
21031	1Qi256uJuMihknGuuFcQoC
21036	03ei3y4ilLVo2iZCap6gtp
21038	0kwEd6jE1h7mlN3AQvviXd
21039	31bf9SEOppLU6lQ85d8om6
21041	6js4GbrJjNU0Kp5ipDQ9vc
21042	3zmduBNsQ6BPDTZAkXzG5K
21043	5ngSGTy4Tw8cIBCMeIgoc9
21044	38Lj8DFt95Fj1SvTNS8al8
21046	0UWuPKKQ2psV48KOeZ4FZK
21047	0QMHVTnrFTQJoaqmkdsKhT
21053	2b7FqlHc3JrzlYtGEkzq22
21055	5PtZZkNYizyl4tq4Ru6pCL
21057	31Z7zBVUinouj9FKuVDwGw
21058	5GgmaSJiVylNjuRnzodXv5
21059	5QFJQXKRRKpEumd5BE8raa
21065	6KNUrRgzrccGtJpGdP39GU
21072	1icnD9GxC2ILT1YckhvHaa
21076	6mcu7D7QuABVwUGDwovOEh
21077	7ivdXN7qkPafUX3VyTSr6X
21080	4Cg05r39aFjzN1UN9jTK4O
21083	4nWn9o7NTpuqzHQ5hyae8U
21089	1TKvp2fEJm3xvqqVoEX6sf
21091	7KqCsGOyUOiwA59B3wgmnr
21093	1YkzXsN6JuxYUvmgyisym9
21099	2ntj6zoYOXfdQDzxo2kHrD
21103	5w2zI2TnxiP4DMcsA0P30M
21108	16r3p9zsidDZ8pd3Izgg6n
21116	5HQVUIKwCEXpe7JIHyY734
21117	2mlTcRnGzs53JNr0xaRFJx
21118	6IFOw9Ck9mWHRQgw6QrPYx
21120	2LHIyvWJWL85eKGsC36LBR
21126	6uRH1qMz30ZBwwUG0IYE5s
21127	6zOg9gP62RJSsKFeOBAgvH
21128	2QsZVnbWVSjKMXK6K3uRBL
21138	6l4wMAXzI8RxIysQMYZY0w
21143	1shRBEykFXAQFgnAF02nZ7
21144	1YdyRwEJy8SFvznFgau1jl
21149	4wwRROf47MXBX5u5Knwixx
21151	7qzgIi9e4yrLnzp67MFqNv
21152	52pAmVLMgI3QMBU4aOowT4
21157	5Q3fYF0IZWJZeAScZJzQKW
21159	1U8Ho1nOzKXYDvfigOuHG4
21164	4UAVDlltg5jmJuSZRQn0ha
21170	7vg79JZg1UZs4hVJ1ih3pC
21171	0OQGeFiEPckRE127XsdZos
21172	4D9m6IhhKIJbWtYfAeN4G5
21174	72Wf7I4e0mBvUUUWhk2m94
21181	0wA9PJO8BGkMPhZdj6h7Br
21182	2e7mHNFlXCkFdKjJ3nsK9E
21184	7lv2uSWG8eJGiHssAlMQ12
21185	5fybLNY2eBRnEGg8SUW6yk
21186	2Iq46awjiKch4B7J8HJ8Ht
21194	4jK1VQQGDnNOLfyVXCxGsR
21195	1buaFJQO7Hze2c2OvfLEJg
21196	4gA9ANTup4PAoyZLGWuQl8
21197	3maCaMZq3nwyP15JvMLMhq
21201	73ntBJ9o49skR3S6WaZFk1
21203	3zdDxhDo5SycC7XSAPfdjv
21208	10C83Ul1IxCyuoJRWtx5GN
21209	4TqAoRSW8kOKfO4y5R0GLy
21215	43CKG4Ag1kYOsNUCcHr7nI
21216	7pXKHhayzs2JVDP5VKxUo6
21228	1EKdQjHLQHgJ0LTJfVJAml
21232	7qIwzvrtNJl2En2E3RBL8V
21235	3hWScIEUaZGBKTnVYdNwrW
21237	3Wv9cklRi6hIfBY7RScznN
21238	2luhMkNTkkvCCtcmlqw9IJ
21240	0dUKYPzjFe0tJYCKf3USWi
21241	4OriPa2OXO6goScm81cjju
21251	2lLbW1PLYdcg7pWK8vRVIu
21253	62R1MRux3R0v2cngA2xdJn
21254	40Zb4FZ6nS1Hj8RVfaLkCV
21256	1n6pgjMma0nsl4jyMzmjxQ
21259	5pylhGjxwQnfaeyJ95QAhc
21260	19VTqucnxJuH6kilNdweTh
21261	0JyfYLKuXRmPhMkIPVstu5
21266	3S5Ie4w4y3QKM6FahgrW6O
21271	4cEONREpY8NQJMuGQP95Kl
21272	1h1x0cQH99EbIhDJcNQARF
21275	3zjxHcCNv4mw0eoWq8Cumt
21279	0hgOPiIG1N5EveHIU5aR1j
21280	4X5f3vT8MRuXF68pfjNte5
21282	01sApbVbtNG0WpMQKieOwm
21284	51wFQM8W0YfXTmHusXUr5i
21289	4ykIW49ZO7UnmKbancsDIV
21296	756zMqmLmHIrk57cBjITCl
21301	4oDcVoJb3xYz5RDyBzkRJY
21307	7F9FgsJXWvFENrhLYtYymg
21309	5qqBsCBwzv0g0xb1kB1TGJ
21310	6g4FjLtgaFN6ADpE1FiAwM
21313	5H4PU7wBIXL259apGjSpOr
21314	2vpvIEM9321ME9Z63nd3Rm
21316	0XgpiStoxq1IJncYlPrvZ5
21322	7tUw8Zf8a0OcCzU1MwZHOY
21323	39xWBHPM4E9MwzEy5gbM7p
21326	5RHl48vC9W0bnabDTt2jJ7
21328	3TAb56jrWEvmlBiNXtdTXq
21332	5BG9s0tpkw5ZPDsfhVzwRz
21336	4vBHMFDtE538WoxZXgPZH1
21340	0irOH0gOfwUFNUt8FwiXST
21350	7DcvwMAiqKJQD1rrdfxSDx
21356	0Pu71wxadDlB8fJXfjIjeJ
21358	0ORHtMAwbLU9IkYBgaQIKM
21359	6SaUTMWRCaDMVE8iK3N67p
21362	1axCLL1W1NiOVz32Dnf2Ie
21367	3P1s6MEwVSt2uK86nHZ5an
21368	0PC7N8u6GOMMcWydEKqSZm
21369	6jCGzZn0gFeRlbqdaJhw6T
21370	65EEbeVmNeBgHLsNO0E5rF
21371	3cNN5708lJ9Z2g7wFf2G20
21372	6pULM1qkKtreWYytq64ZIV
21375	3mmbJnh1L94Zl8QZcUTq39
21378	3jVtllWS5CFFWLQng8sKsr
21380	4gXFUhyu4fzOgmV28BiJ9s
21384	5w8PlPsI3bUYSjNyM43HEK
21387	0YPvJU5VSnP4zhFQLkpCvU
21388	5avQSAKB1dOEeIQBqV4jgW
21391	4luW7lSpyXXgojjsXdzqBq
21392	5VHMxFlPHmWtWT8Syp0egV
21395	2hMjFf0cd7ejP4K7pfeoLU
21396	7pf6YT5CmmQxs6Uz7dABNB
21397	128vB8Ow71KEquIiUv1JMZ
21404	0N4fNFFYFRGbdEFs8iI3pl
21405	2L7mrYVvjtTssCK2hDI1zJ
21407	1KLtkmQnN9pMgP6T4FdWk5
21409	5a251qN4R86hro8UZGuO4E
21412	31a2HqfdG7t7cfLCgM0nLu
21413	2rwmKpWW6o6anOhvcyiJOw
21415	0Bbd5inN2znpGQkxZbqmmU
21416	0mfCH4nfpshBQR9ueZP5eP
21418	7IP0lO9tHfNwBWZ9X6TJ84
21428	1VsuSOEVhuCaybeb1rFeCM
21429	1JkrWCnQrSZpNRxpAMXzlW
21436	4Y5ZXbGbdH5NPUP4HLjIqS
21444	0QvDnXQvNx6A8BfGiodtMO
21445	7vyl7Z6kXW7cv71tIaBwlU
21447	5sPGag7NKEhqVup9dynADA
21448	1BZm0t49YEhM8xbTINoQKp
21450	3VXdEVTbT6SLTrOLEX7MCr
21451	4gwdxrHHokQzWXjrD39mFf
21458	4ld2UKQrh8hchZZZFFOSj7
21459	7GzaH0zO74RwTqwByWpOzE
21465	3iNzFuZPs4va5EUrpAFiYt
21472	01wuIn1TP5FCvYyqBTdsGC
21475	3wScL5W8H40zzCKN0atfBk
21477	6XI5hJ7RvIgHex3Yfc8GYb
21478	5atAnyOv5YTg0AS7ADGaTa
21479	6g6A7qNhTfUgOSH7ROOxTD
21480	7iZDRMKj5Vic542vs8efrX
21481	5qTvkDrSfvwDv6RBjjcfQr
21484	0RcYEWXtbu4ehdv1tiBOi0
21487	4YMqbFcDIFiCBd02PzUBcM
21490	4AFwmjbEPPHe2u8fVV8re1
21496	7pQi9lwATNWDfNwtyMXUtm
21501	20kZh1PqntWs5pruQVb6vj
21502	1E8wif6bVXurUgxV8Gfwrw
21507	3YASb32XOcZ4JEhi8nQiIl
21510	4xvEHTQ4GU1OQdafqXNuBA
21511	3Y6XWs8xMlCngyIxNOFnsp
21513	0BI9BYPVtp65GqNkVCl6tS
21514	2rlXwCyW8z6JL1fOEDoBXJ
21515	1t2ZxgMhUmOprCILh0UjlX
21516	5zEoohLO20ofIBg0fzPqhQ
21523	2kpwzDrLK5KoIk1S5wftX7
21524	503OTo2dSqe7qk76rgsbep
